Token,Item Name,Variation Name,SKU,Description,Reporting Category,SEO Title,SEO Description,Permalink,GTIN,Square Online Item Visibility,Item Type,Weight (lb),Social Media Link Title,Social Media Link Description,Shipping Enabled,Self-serve Ordering Enabled,Delivery Enabled,Pickup Enabled,Price,Online Sale Price,Archived,Sellable,Stockable,Skip Detail Screen in POS,Option Name 1,Option Value 1,Default Unit Cost,Default Vendor Name,Default Vendor Code,Current Quantity Nancys,New Quantity Nancys,Stock Alert Enabled Nancys,Stock Alert Count Nancys
Vibrating Massage Wand,,VMW001,Powerful and versatile wand massager with multiple speeds and patterns.,Massagers,Vibrating Massage Wand for Relaxation,Relieve tension and unwind with this quiet yet powerful massage wand.,/vibrating-massage-wand,,VISIBLE,PHYSICAL,0.5,Relax and Unwind,,True,True,True,True,79.99,69.99,FALSE,True,True,False,,30.00,,,,,,,
Bullet Vibrator,,BV001,Compact and discreet bullet vibrator with powerful vibrations.,Vibrators,Discreet Bullet Vibrator,Small but mighty, this bullet vibrator offers intense pleasure on the go.,/bullet-vibrator,,VISIBLE,PHYSICAL,0.1,Pocket-Sized Pleasure,,True,True,True,TRUE,24.99,19.99,False,True,True,FALSE,,8.0,,,,,,
Clitoral Stimulator,,CS001,Ergonomic design for targeted clitoral stimulation. Features gentle suction and vibration.,Vibrators,Clitoral Stimulator for Intense Pleasure,Experience new levels of pleasure with this innovative clitoral stimulator.,/clitoral-stimulator,,VISIBLE,PHYSICAL,0.3,Climax with Ease,,True,True,True,True,69.99,59.99,FALSE,True,True,False,,25.00,,,,,,,
Couple's Vibrator,,CV001,Wearable vibrator designed for couples to enjoy together.,Vibrators,Couple's Vibrator for Shared Pleasure,Enhance intimacy and explore new sensations with this couple's vibrator.,/couples-vibrator,,VISIBLE,PHYSICAL,0.4,Spice Up Your Love Life,,True,True,True,True,89.99,79.99,FALSE,True,True,False,,35.00,,,,,,,
G-Spot Vibrator,,GSV001,Curved design for precise G-spot stimulation.,Vibrators,G-Spot Vibrator for Deep Pleasure,Discover intense sensations with this G-spot vibrator.,/gspot-vibrator,,VISIBLE,PHYSICAL,0.3,Unlock Inner Pleasure,,True,True,True,True,49.99,39.99,FALSE,True,True,False,,18.00,,,,,,,
Rabbit Vibrator,,RV001,Dual-action vibrator with clitoral and G-spot stimulation.,Vibrators,Rabbit Vibrator for Double the Pleasure,Experience simultaneous stimulation with this rabbit style vibrator.,/rabbit-vibrator,,VISIBLE,PHYSICAL,0.6,Ultimate Pleasure Toy,,True,True,True,True,99.99,89.99,FALSE,True,True,False,,40.00,,,,,,,
Luxury Vibe,,LV001,High-end vibrator with premium materials and advanced features.,Vibrators,Luxury Vibrator for the Discerning Woman,Indulge in luxury with this elegant and powerful vibrator.,/luxury-vibrator,,VISIBLE,PHYSICAL,0.8,Elevate Your Pleasure,,True,True,True,True,149.99,129.99,FALSE,True,True,False,,60.00,,,,,,,
Silicone Anal Beads,,SAB001,Graduated anal beads made from body-safe silicone.,Anal Toys,Silicone Anal Beads for Beginners,Explore anal play with this beginner-friendly set of anal beads.,/silicone-anal-beads,,VISIBLE,PHYSICAL,0.3,Sensual Exploration,,True,True,True,True,29.99,24.99,FALSE,True,True,False,,10.00,,,,,,,
Anal Plug,,AP001,Ergonomic anal plug for comfortable wear.,Anal Toys,Anal Plug for Sensual Play,Enhance pleasure and sensation with this comfortable anal plug.,/anal-plug,,VISIBLE,PHYSICAL,0.2,New Sensations,,True,True,True,True,19.99,14.99,FALSE,True,True,False,,7.00,,,,,,,
Ben Wa Balls,,BWB001,Kegel exercise balls for strengthening pelvic floor muscles.,Ben Wa Balls,Ben Wa Balls for Pelvic Floor Health,Improve muscle tone and enhance intimacy with these Ben Wa balls.,/ben-wa-balls,,VISIBLE,PHYSICAL,0.4,Strengthen and Tone,,True,True,True,True,34.99,29.99,FALSE,True,True,False,,12.00,,,,,,,
Massage Oil,,MO001,Luxurious massage oil with a sensual scent.,Massage & Lubricants,Sensual Massage Oil,Enhance your massage experience with this fragrant oil.,/massage-oil,,VISIBLE,PHYSICAL,0.5,Relaxing Touch,,True,True,True,True,19.99,14.99,FALSE,True,True,False,,6.00,,,,,,,
Water-Based Lubricant,,WBL001,Long-lasting water-based lubricant for enhanced comfort.,Massage & Lubricants,Water-Based Lubricant for Smoothness,Enjoy silky smooth pleasure with this water-based lubricant.,/waterbased-lubricant,,VISIBLE,PHYSICAL,0.3,Enhance Your Comfort,,True,True,True,True,14.99,9.99,FALSE,True,True,False,,5.00,,,,,,,
Silicone Lubricant,,SL001,Premium silicone lubricant for long-lasting glide.,Massage & Lubricants,Silicone Lubricant for Sensual Play,Experience intense sensations with this long-lasting silicone lubricant.,/silicone-lubricant,,VISIBLE,PHYSICAL,0.4,Intensify Sensations,,True,True,True,True,19.99,14.99,FALSE,True,True,False,,7.00,,,,,,,
Flavored Lubricant,,FL001,Delicious flavored lubricant for oral play.,Massage & Lubricants,Flavored Lubricant for Oral Play,Add a tasty twist to your intimate moments with this flavored lubricant.,/flavored-lubricant,,VISIBLE,PHYSICAL,0.2,Sweet Sensations,,True,True,True,True,12.99,9.99,FALSE,True,True,False,,4.00,,,,,,,
Nipple Clamps,,NC001,Adjustable nipple clamps for playful stimulation.,BDSM,Nipple Clamps for Playful Teasing,Explore new sensations with these adjustable nipple clamps.,/nipple-clamps,,VISIBLE,PHYSICAL,0.1,Tantalizing Touch,,True,True,True,True,19.99,14.99,FALSE,True,True,False,,7.00,,,,,,,
Blindfold,,BF001,Satin blindfold for enhancing sensory experiences.,BDSM,Blindfold for Heightened Senses,Experience heightened sensations with this luxurious blindfold.,/blindfold,,VISIBLE,PHYSICAL,0.1,Explore the Unknown,,True,True,True,True,14.99,9.99,FALSE,True,True,False,,5.00,,,,,,,
Feather Tickler,,FT001,Soft feather tickler for gentle teasing.,BDSM,Feather Tickler for Gentle Play,Enjoy playful teasing with this soft feather tickler.,/feather-tickler,,VISIBLE,PHYSICAL,0.1,Teasing Touch,,True,True,True,True,9.99,7.99,FALSE,True,True,False,,3.00,,,,,,,
Silk Scarf,,SS001,Versatile silk scarf for bondage play or as a sensual accessory.,BDSM,Silk Scarf for Playful Restraint,Add a touch of luxury to your play with this versatile silk scarf.,/silk-scarf,,VISIBLE,PHYSICAL,0.2,Tie Up the Fun,,True,True,True,True,24.99,19.99,FALSE,True,True,False,,8.00,,,,,,,
Vibrating Panties,,VP001,Discreet panties with a built-in bullet vibrator.,Lingerie & Costumes,Vibrating Panties for Discreet Pleasure,Enjoy thrilling vibrations with these comfortable vibrating panties.,/vibrating-panties,,VISIBLE,PHYSICAL,0.3,Unleash Your Inner Siren,,True,True,True,True,49.99,39.99,FALSE,True,True,False,Size,S/M,20.00,,,,,,,
Lacy Bra and Panty Set,,LBPS001,Beautiful lingerie set to set the mood.,Lingerie & Costumes,Lacy Bra and Panty Set,Feel confident and seductive in this stunning lingerie set.,/lingerie-set,,VISIBLE,PHYSICAL,0.2,Ignite the Passion,,True,True,True,True,59.99,49.99,FALSE,True,True,False,Size,S/M,25.00,,,,,,,
Role Play Costume,,RPC001,Costume for exciting role-play scenarios.,Lingerie & Costumes,Role Play Costume for Naughty Fun,Spice things up with this playful costume.,/role-play-costume,,VISIBLE,PHYSICAL,0.5,Fantasy Fulfilled,,True,True,True,True,69.99,59.99,FALSE,True,True,False,,30.00,,,,,,,
Body Stocking,,BS001,Sexy body stocking for a seductive look.,Lingerie & Costumes,Body Stocking for a Sultry Look,Embrace your sensuality with this alluring body stocking.,/body-stocking,,VISIBLE,PHYSICAL,0.2,Curve Hugging Confidence,,True,True,True,True,39.99,29.99,FALSE,True,True,False,Size,S/M,15.00,,,,,,,
Yoni Egg,,YE001,Jade or rose quartz egg for Kegel exercises and spiritual exploration.,Yoni Eggs,Yoni Egg for Pelvic Floor Wellness,Strengthen your pelvic floor and explore your sensuality with this Yoni egg.,/yoni-egg,,VISIBLE,PHYSICAL,0.2,Inner Goddess,,True,True,True,True,29.99,24.99,FALSE,True,True,False,,10.00,,,,,,,
Sensual Massage Candle,,SMC001,Soy candle with a sensual scent that melts into massage oil.,Massage & Lubricants,Sensual Massage Candle,Set the mood with this luxurious massage candle.,/massage-candle,,VISIBLE,PHYSICAL,0.5,Romance in the Air,,True,True,True,True,24.99,19.99,FALSE,True,True,False,,8.00,,,,,,,
Gift Set,,GS001,A curated selection of sensual products for her.,Gift Sets,Sensual Gift Set for Her,Spoil her with this luxurious gift set.,/gift-set-her,,VISIBLE,PHYSICAL,1.0,Ultimate Indulgence,,True,True,True,True,99.99,89.99,FALSE,True,True,False,,40.00,,,,,,,
Deluxe Rabbit Vibrator,,DRV001,Premium rabbit vibrator with dual motors and customizable settings.,Vibrators,Deluxe Rabbit Vibrator for Ultimate Pleasure,Experience intense sensations with this luxurious rabbit vibrator featuring dual motors and customizable settings.,/deluxe-rabbit-vibrator,,VISIBLE,PHYSICAL,0.7,Double the Fun,,Y,Y,Y,Y,129.99,109.99,N,Y,Y,N,,,50.00,,,,,12,12,Y,5
Wireless Remote Control Vibrator,,WRCV001,Discreet vibrator with a wireless remote for long-distance control.,Vibrators,Wireless Remote Control Vibrator,Enjoy thrilling vibrations with this discreet vibrator, controllable from afar with a wireless remote.,/wireless-remote-vibrator,,VISIBLE,PHYSICAL,0.3,Spice Things Up,,Y,Y,Y,Y,79.99,69.99,N,Y,Y,N,,,30.00,,,,,8,8,Y,3
Waterproof Vibrator,,WPV001,Fully waterproof vibrator for use in the shower or bath.,Vibrators,Waterproof Vibrator for Bathtime Fun,Take your pleasure to the next level with this waterproof vibrator, perfect for use in the shower or bath.,/waterproof-vibrator,,VISIBLE,PHYSICAL,0.4,Water Play,,Y,Y,Y,Y,59.99,49.99,N,Y,Y,N,,,25.00,,,,,15,15,Y,7
Clitoral Suction Vibrator,,CSV001,Innovative vibrator that uses gentle suction and vibration for intense clitoral stimulation.,Vibrators,Clitoral Suction Vibrator for Mind-Blowing Orgasms,Experience a new dimension of pleasure with this clitoral suction vibrator, combining gentle suction and vibration for explosive orgasms.,/clitoral-suction-vibrator,,VISIBLE,PHYSICAL,0.3,Climax in Style,,Y,Y,Y,Y,89.99,79.99,N,Y,Y,N,,,40.00,,,,,10,10,Y,5
Realistic Dildo,,RD001,Lifelike dildo made from body-safe silicone with a realistic texture.,Dildos,Realistic Dildo for Solo Play,Enjoy realistic sensations with this lifelike dildo, crafted from body-safe silicone for a natural feel.,/realistic-dildo,,VISIBLE,PHYSICAL,0.8,Pleasure on Your Terms,,Y,Y,Y,Y,69.99,59.99,N,Y,Y,N,,,30.00,,,,,18,18,Y,8
Glass Dildo,,GD001,Elegant glass dildo with a smooth, non-porous surface.,Dildos,Glass Dildo for Sensual Exploration,Indulge in luxurious pleasure with this elegant glass dildo, featuring a smooth, non-porous surface for easy cleaning.,/glass-dildo,,VISIBLE,PHYSICAL,0.6,Smooth Operator,,Y,Y,Y,Y,49.99,39.99,N,Y,Y,N,,,20.00,,,,,5,5,Y,2
Dual-Density Dildo,,DDD001,Dildo with a firm core and a soft outer layer for realistic sensations.,Dildos,Dual-Density Dildo for Lifelike Pleasure,Experience the best of both worlds with this dual-density dildo, featuring a firm core and a soft outer layer for realistic sensations.,/dual-density-dildo,,VISIBLE,PHYSICAL,0.7,The Real Deal,,Y,Y,Y,Y,79.99,69.99,N,Y,Y,N,,,35.00,,,,,12,12,Y,6
G-Spot Dildo,,GSD001,Curved dildo designed for targeted G-spot stimulation.,Dildos,G-Spot Dildo for Deep Pleasure,Unlock intense pleasure with this G-spot dildo, featuring a curved design for precise stimulation.,/gspot-dildo,,VISIBLE,PHYSICAL,0.6,Reach New Heights,,Y,Y,Y,Y,59.99,49.99,N,Y,Y,N,,,25.00,,,,,15,15,Y,7
Anal Trainer Kit,,ATK001,Set of graduated anal plugs for comfortable and gradual anal training.,Anal Toys,Anal Trainer Kit for Beginners,Explore anal play with confidence using this anal trainer kit, featuring a set of graduated plugs for a comfortable and gradual experience.,/anal-trainer-kit,,VISIBLE,PHYSICAL,0.4,Take it Slow,,Y,Y,Y,Y,39.99,29.99,N,Y,Y,N,,,18.00,,,,,8,8,Y,3
Vibrating Anal Plug,,VAP001,Anal plug with powerful vibrations for enhanced pleasure.,Anal Toys,Vibrating Anal Plug for Intense Sensations,Experience thrilling anal play with this vibrating anal plug, featuring powerful vibrations for intense sensations.,/vibrating-anal-plug,,VISIBLE,PHYSICAL,0.3,Amp up the Pleasure,,Y,Y,Y,Y,49.99,39.99,N,Y,Y,N,,,20.00,,,,,10,10,Y,5
Butt Plug with Tail,,BPT001,Playful butt plug with a fox or kitty tail for added fun.,Anal Toys,Butt Plug with Tail for Playful Teasing,Add a touch of whimsy to your anal play with this butt plug, featuring a playful tail for added fun.,/butt-plug-tail,,VISIBLE,PHYSICAL,0.2,Feline Fine,,Y,Y,Y,Y,29.99,24.99,N,Y,Y,N,,,12.00,,,,,15,15,Y,7
 Prostate Massager,,PM001,Ergonomically designed massager for targeted prostate stimulation.,Prostate Massagers,Prostate Massager for Intense Pleasure,Discover new levels of pleasure with this prostate massager, designed for targeted stimulation and intense orgasms.,/prostate-massager,,VISIBLE,PHYSICAL,0.4,Next Level Pleasure,,Y,Y,Y,Y,69.99,59.99,N,Y,Y,N,,,30.00,,,,,10,10,Y,5
Penis Ring,,PR001,Stretchable penis ring for enhancing erections and delaying ejaculation.,Penis Rings,Penis Ring for Enhanced Performance,Enhance your sexual experience with this penis ring, designed to enhance erections and prolong pleasure.,/penis-ring,,VISIBLE,PHYSICAL,0.1,Last Longer,,Y,Y,Y,Y,19.99,14.99,N,Y,Y,N,,,25.00,,,,,20,20,Y,10
Vibrating Penis Ring,,VPR001,Penis ring with stimulating vibrations for both partners.,Penis Rings,Vibrating Penis Ring for Shared Pleasure,Enjoy enhanced erections and thrilling vibrations with this vibrating penis ring, designed for shared pleasure.,/vibrating-penis-ring,,VISIBLE,PHYSICAL,0.2,Double the Fun,,Y,Y,Y,Y,39.99,29.99,N,Y,Y,N,,,15.00,,,,,12,12,Y,6
Cock Ring with Beads,,CRB001,Penis ring with stimulating beads for added pleasure.,Penis Rings,Cock Ring with Beads for Enhanced Sensation,Experience intense sensations with this cock ring, featuring stimulating beads for enhanced pleasure.,/cock-ring-beads,,VISIBLE,PHYSICAL,0.2,Feel the Difference,,Y,Y,Y,Y,29.99,24.99,N,Y,Y,N,,,18.00,,,,,18,18,Y,8
Bondage Kit,,BK001,Complete bondage kit with restraints, blindfold, and feather tickler.,BDSM,Bondage Kit for Beginners,Explore the world of BDSM with this complete bondage kit, featuring restraints, a blindfold, and a feather tickler for sensual play.,/bondage-kit,,VISIBLE,PHYSICAL,1.0,Unleash Your Inner Dominant,,Y,Y,Y,Y,89.99,79.99,N,Y,Y,N,,,40.00,,,,,5,5,Y,2
Flogger,,F001,Leather flogger for sensual spanking and impact play.,BDSM,Leather Flogger for Sensual Play,Experience thrilling sensations with this leather flogger, perfect for sensual spanking and impact play.,/flogger,,VISIBLE,PHYSICAL,0.3,Spice Things Up,,Y,Y,Y,Y,39.99,29.99,N,Y,Y,N,,,20.00,,,,,8,8,Y,3
Crop,,C001,Riding crop for playful spanking and domination.,BDSM,Riding Crop for Domination Play,Add a touch of authority to your play with this riding crop, perfect for playful spanking and domination scenarios.,/crop,,VISIBLE,PHYSICAL,0.2,Take Control,,Y,Y,Y,Y,29.99,24.99,N,Y,Y,N,,,15.00,,,,,10,10,Y,5
Paddle,,P001,Wooden paddle for impact play and sensual spanking.,BDSM,Wooden Paddle for Impact Play,Experience thrilling sensations with this wooden paddle, designed for impact play and sensual spanking.,/paddle,,VISIBLE,PHYSICAL,0.4,Feel the Sting,,Y,Y,Y,Y,49.99,39.99,N,Y,Y,N,,,25.00,,,,,12,12,Y,6
Blindfold and Restraints Set,,BRS001,Satin blindfold and wrist restraints for enhancing sensory experiences.,BDSM,Blindfold and Restraints Set for Submissive Play,Heighten your senses and explore submission with this blindfold and restraints set, perfect for adding a thrilling twist to your play.,/blindfold-restraints-set,,VISIBLE,PHYSICAL,0.3,Surrender to Pleasure,,Y,Y,Y,Y,59.99,49.99,N,Y,Y,N,,,30.00,,,,,15,15,Y,7
Corset,,COR001,Sexy corset with lace and boning for a cinched waist and seductive look.,Lingerie & Costumes,Corset for a Sensual Silhouette,Enhance your curves and embrace your sensuality with this stunning corset, featuring lace and boning for a cinched waist and seductive look.,/corset,,VISIBLE,PHYSICAL,0.3,Curve Appeal,,Y,Y,Y,Y,79.99,69.99,N,Y,Y,N,Size,S/M,35.00,,,,,8,8,Y,3
Babydoll,,BD001,Sheer and flirty babydoll lingerie with lace and ribbon details.,Lingerie & Costumes,Babydoll for a Playful Look,Embrace your playful side with this sheer and flirty babydoll lingerie, featuring delicate lace and ribbon details.,/babydoll,,VISIBLE,PHYSICAL,0.2,Sweet and Seductive,,Y,Y,Y,Y,49.99,39.99,N,Y,Y,N,Size,S/M,20.00,,,,,12,12,Y,6
Teddies,,TED001,Alluring teddy lingerie with a provocative design and luxurious fabric.,Lingerie & Costumes,Teddy for a Sultry Night,Unleash your inner seductress with this alluring teddy lingerie, featuring a provocative design and luxurious fabric.,/teddies,,VISIBLE,PHYSICAL,0.2,Dare to Bare,,Y,Y,Y,Y,69.99,59.99,N,Y,Y,N,Size,S/M,30.00,,,,,10,10,Y,5
Triple Motor Vibrator,,TMV001,Powerful vibrator with three motors for intense stimulation.,Vibrators,Triple Motor Vibrator for Ultimate Pleasure,Experience mind-blowing sensations with this triple motor vibrator, featuring independent controls for each motor.,/triple-motor-vibrator,,VISIBLE,PHYSICAL,0.8,Thrice the Fun,,Y,Y,Y,Y,139.99,119.99,N,Y,Y,N,,,55.00,,,,,8,8,Y,3
Tongue Vibrator,,TV001,Oral sex simulator with realistic tongue movements and vibrations.,Vibrators,Tongue Vibrator for Oral Pleasure,Enjoy realistic oral pleasure with this tongue vibrator, featuring lifelike tongue movements and stimulating vibrations.,/tongue-vibrator,,VISIBLE,PHYSICAL,0.5,Oral Fixation,,Y,Y,Y,Y,99.99,89.99,N,Y,Y,N,,,40.00,,,,,10,10,Y,5
Wearable Butterfly Vibrator,,WBV001,Discreet and powerful butterfly vibrator designed for clitoral stimulation during activities.,Vibrators,Wearable Butterfly Vibrator for Hands-Free Pleasure,Experience thrilling vibrations on the go with this wearable butterfly vibrator, perfect for discreet clitoral stimulation during any activity.,/wearable-butterfly-vibrator,,VISIBLE,PHYSICAL,0.2,Pleasure Anytime, Anywhere,,Y,Y,Y,Y,79.99,69.99,N,Y,Y,N,,,30.00,,,,,12,12,Y,6
Inflatable Anal Plug,,IAP001,Anal plug with adjustable inflation for a customized fit and intense sensations.,Anal Toys,Inflatable Anal Plug for Customized Pleasure,Experience a new level of anal play with this inflatable anal plug, featuring adjustable inflation for a personalized fit and intense sensations.,/inflatable-anal-plug,,VISIBLE,PHYSICAL,0.3,Pump Up the Pleasure,,Y,Y,Y,Y,49.99,39.99,N,Y,Y,N,,,20.00,,,,,15,15,Y,7
Jeweled Butt Plug,,JBP001,Luxurious butt plug adorned with sparkling jewels for added elegance and stimulation.,Anal Toys,Jeweled Butt Plug for Glamorous Play,Indulge in luxurious anal play with this jeweled butt plug, featuring sparkling jewels for added elegance and stimulation.,/jeweled-butt-plug,,VISIBLE,PHYSICAL,0.4,Shine Bright,,Y,Y,Y,Y,59.99,49.99,N,Y,Y,N,,,25.00,,,,,18,18,Y,8
Vibrating Prostate Massager,,VPM001,Prostate massager with intense vibrations for explosive orgasms.,Prostate Massagers,Vibrating Prostate Massager for Ultimate Orgasms,Experience mind-blowing orgasms with this vibrating prostate massager, featuring powerful vibrations for intense prostate stimulation.,/vibrating-prostate-massager,,VISIBLE,PHYSICAL,0.5,Reach New Heights,,Y,Y,Y,Y,89.99,79.99,N,Y,Y,N,,,35.00,,,,,10,10,Y,5
Perineum Massager,,PERM001,Ergonomic massager designed for targeted perineum stimulation.,Perineum Massagers,Perineum Massager for Enhanced Pleasure,Explore new sensations with this perineum massager, designed for targeted stimulation and enhanced pleasure.,/perineum-massager,,VISIBLE,PHYSICAL,0.3,Unlock Hidden Pleasure,,Y,Y,Y,Y,59.99,49.99,N,Y,Y,N,,,25.00,,,,,12,12,Y,6
Ball Stretcher,,BS001,Scrotum stretcher with adjustable weights for gradual stretching and enhanced sensation.,Ball Stretchers,Ball Stretcher for Enhanced Sensation,Experience enhanced sensation and pleasure with this ball stretcher, featuring adjustable weights for gradual stretching and increased sensitivity.,/ball-stretcher,,VISIBLE,PHYSICAL,0.6,Stretch Your Limits,,Y,Y,Y,Y,69.99,59.99,N,Y,Y,N,,,30.00,,,,,15,15,Y,7
Nipple Suckers with Vibrator,,NSV001,Nipple stimulators with gentle suction and vibration for intense arousal.,Nipple Play,Nipple Suckers with Vibrator for Intense Arousal,Experience thrilling nipple play with these nipple suckers, featuring gentle suction and vibration for intense arousal and pleasure.,/nipple-suckers-vibrator,,VISIBLE,PHYSICAL,0.3,Tantalizing Teasing,,Y,Y,Y,Y,49.99,39.99,N,Y,Y,N,,,20.00,,,,,18,18,Y,8
Electro Stimulation Kit,,ESK001,E-stim kit with electrodes and controller for exploring electro stimulation play.,BDSM,Electro Stimulation Kit for Beginners,Dive into the world of electro play with this beginner-friendly e-stim kit, featuring electrodes and a controller for safe and exciting exploration.,/electro-stimulation-kit,,VISIBLE,PHYSICAL,0.5,Electric Ecstasy,,Y,Y,Y,Y,99.99,89.99,N,Y,Y,N,,,40.00,,,,,8,8,Y,3
Leather Cuffs and Collar Set,,LCCS001,Leather cuffs and collar set for bondage play and submissive exploration.,BDSM,Leather Cuffs and Collar Set for Restraint Play,Embrace your submissive side with this leather cuffs and collar set, perfect for adding a touch of dominance and control to your play.,/leather-cuffs-collar-set,,VISIBLE,PHYSICAL,0.6,Submit to Pleasure,,Y,Y,Y,Y,79.99,69.99,N,Y,Y,N,,,35.00,,,,,10,10,Y,5
Spreader Bar,,SB001,Spreader bar for bondage play and BDSM scenarios.,BDSM,Spreader Bar for BDSM Play,Explore new positions and sensations with this spreader bar, designed for comfortable and secure restraint during BDSM play.,/spreader-bar,,VISIBLE,PHYSICAL,0.8,Spread Your Wings,,Y,Y,Y,Y,69.99,59.99,N,Y,Y,N,,,30.00,,,,,12,12,Y,6
Chastity Cage,,CC001,Chastity device for male chastity play and BDSM scenarios.,Chastity,Chastity Cage for Submissive Play,Experience the thrill of chastity with this chastity cage, designed for comfortable and secure wear during male chastity play.,/chastity-cage,,VISIBLE,PHYSICAL,0.4,Locked and Loaded,,Y,Y,Y,Y,89.99,79.99,N,Y,Y,N,,,40.00,,,,,15,15,Y,7
Vibrating Cock Ring with Remote,,VCRWR001,Vibrating cock ring with a wireless remote for long-distance control and enhanced pleasure.,Penis Rings,Vibrating Cock Ring with Remote for Shared Pleasure,Enjoy intense vibrations and long-distance control with this vibrating cock ring, featuring a wireless remote for shared pleasure.,/vibrating-cock-ring-remote,,VISIBLE,PHYSICAL,0.3,Remote Control Pleasure,,Y,Y,Y,Y,59.99,49.99,N,Y,Y,N,,,25.00,,,,,18,18,Y,8
Glans Ring,,GR001,Ring designed for glans stimulation and enhanced sensitivity.,Penis Rings,Glans Ring for Targeted Stimulation,Enhance your pleasure with this glans ring, designed for targeted stimulation and increased sensitivity.,/glans-ring,,VISIBLE,PHYSICAL,0.1,Feel the Difference,,Y,Y,Y,Y,29.99,24.99,N,Y,Y,N,,,15.00,,,,,20,20,Y,10
Kegel Balls with Remote,,KBWR001,Kegel exercise balls with a wireless remote for discreet control and enhanced pelvic floor training.,Kegel & Ben Wa Balls,Kegel Balls with Remote for Discreet Training,Strengthen your pelvic floor muscles with these Kegel balls, featuring a wireless remote for discreet control and enhanced training.,/kegel-balls-remote,,VISIBLE,PHYSICAL,0.4,Tone and Tighten,,Y,Y,Y,Y,49.99,39.99,N,Y,Y,N,,,20.00,,,,,12,12,Y,6
Yoni Wand,,YW001,Crystal wand for yoni massage and spiritual exploration.,Yoni Products,Yoni Wand for Inner Wellness,Connect with your inner goddess and explore your sensuality with this yoni wand, crafted from smooth crystal for gentle massage and spiritual exploration.,/yoni-wand,,VISIBLE,PHYSICAL,0.3,Embrace Your Feminine Energy,,Y,Y,Y,Y,39.99,29.99,N,Y,Y,N,,,18.00,,,,,10,10,Y,5
Massage Candles Set,,MCS001,Set of massage candles with various sensual scents for a romantic and relaxing experience.,Massage & Lubricants,Massage Candles Set for a Romantic Night,Set the mood for romance and relaxation with this set of massage candles, featuring various sensual scents to enhance your massage experience.,/massage-candles-set,,VISIBLE,PHYSICAL,1.0,Melt Away Stress,,Y,Y,Y,Y,49.99,39.99,N,Y,Y,N,,,25.00,,,,,15,15,Y,7
Edible Body Paint,,EBP001,Delicious and safe edible body paint for sensual play and exploration.,Novelty & Games,Edible Body Paint for Playful Fun,Add a tasty twist to your intimate moments with this edible body paint, perfect for sensual play and exploration.,/edible-body-paint,,VISIBLE,PHYSICAL,0.2,Sweeten the Deal,,Y,Y,Y,Y,24.99,19.99,N,Y,Y,N,,,12.00,,,,,20,20,Y,10
Lingerie Wash Bag,,LWB001,Delicate wash bag designed for lingerie and intimate apparel.,Accessories,Lingerie Wash Bag for Delicate Care,Protect your delicate lingerie and intimate apparel with this lingerie wash bag, designed for gentle cleaning and preservation.,/lingerie-wash-bag,,VISIBLE,PHYSICAL,0.1,Care for Your Intimates,,Y,Y,Y,Y,14.99,9.99,N,Y,Y,N,,,30.00,,,,,25,25,Y,15
Blindfold with Earplugs,,BWE001,Satin blindfold with noise-reducing earplugs for heightened sensory deprivation.,BDSM,Blindfold with Earplugs for Sensory Deprivation,Experience complete sensory deprivation and heightened sensations with this blindfold and earplugs set, perfect for BDSM play and sensual exploration.,/blindfold-earplugs,,VISIBLE,PHYSICAL,0.2,Intensify Your Senses,,Y,Y,Y,Y,29.99,24.99,N,Y,Y,N,,,15.00,,,,,18,18,Y,8
Silk Robe,,SR001,Luxurious silk robe for lounging and intimate moments.,Lingerie & Costumes,Silk Robe for a Sensual Touch,Indulge in luxury and comfort with this silk robe, perfect for lounging and adding a sensual touch to your intimate moments.,/silk-robe,,VISIBLE,PHYSICAL,0.5,Wrap Yourself in Luxury,,Y,Y,Y,Y,99.99,89.99,N,Y,Y,N,Size,S/M,40.00,,,,,10,10,Y,5
Garter Belt and Stockings Set,,GBS001,Sexy garter belt and stockings set for a seductive and alluring look.,Lingerie & Costumes,Garter Belt and Stockings Set for a Seductive Look,Embrace your sensuality with this garter belt and stockings set, featuring a seductive design and luxurious fabric for an alluring look.,/garter-belt-stockings-set,,VISIBLE,PHYSICAL,0.3,Legs for Days,,Y,Y,Y,Y,69.99,59.99,N,Y,Y,N,Size,S/M,30.00,,,,,12,12,Y,6
Heated Wand Massager,,HWM001,Wand massager with adjustable heat settings for deep tissue massage and relaxation.,Massagers,Heated Wand Massager for Deep Relaxation,Melt away tension with this heated wand massager, featuring adjustable heat settings for a soothing and therapeutic massage experience.,/heated-wand-massager,,VISIBLE,PHYSICAL,0.6,Warm Up Your Muscles,,Y,Y,Y,Y,89.99,79.99,N,Y,Y,N,,,35.00,,,,,10,10,Y,5
Neck and Shoulder Massager,,NSM001,Versatile massager with adjustable straps for targeted neck and shoulder relief.,Massagers,Neck and Shoulder Massager for Targeted Relief,Relieve aches and pains with this neck and shoulder massager, featuring adjustable straps for a customized massage experience.,/neck-shoulder-massager,,VISIBLE,PHYSICAL,0.8,Soothe Your Aches,,Y,Y,Y,Y,69.99,59.99,N,Y,Y,N,,,30.00,,,,,12,12,Y,6
Foot Massager with Heat,,FMH001,Foot massager with soothing heat and adjustable settings for ultimate foot relaxation.,Massagers,Foot Massager with Heat for Ultimate Relaxation,Pamper your feet with this foot massager, featuring soothing heat and adjustable settings for a spa-like experience at home.,/foot-massager-heat,,VISIBLE,PHYSICAL,1.2,Happy Feet,,Y,Y,Y,Y,99.99,89.99,N,Y,Y,N,,,40.00,,,,,15,15,Y,7
Scalp Massager,,SM001,Handheld scalp massager with soft silicone bristles for stimulating blood flow and relaxation.,Massagers,Scalp Massager for Relaxation and Hair Growth,Enjoy a relaxing scalp massage with this handheld massager, featuring soft silicone bristles to stimulate blood flow and promote hair growth.,/scalp-massager,,VISIBLE,PHYSICAL,0.2,Head Over Heels,,Y,Y,Y,Y,29.99,24.99,N,Y,Y,N,,,15.00,,,,,18,18,Y,8
Shower Head with Massaging Jets,,SHMJ001,Shower head with adjustable massaging jets for a spa-like shower experience.,Bathroom Accessories,Shower Head with Massaging Jets for a Spa Experience,Upgrade your shower routine with this shower head, featuring adjustable massaging jets for a relaxing and invigorating experience.,/shower-head-massaging-jets,,VISIBLE,PHYSICAL,0.5,Shower Power,,Y,Y,Y,Y,49.99,39.99,N,Y,Y,N,,,20.00,,,,,20,20,Y,10
Bath Pillow with Suction Cups,,BPSC001,Comfortable bath pillow with suction cups for secure placement and ultimate relaxation.,Bathroom Accessories,Bath Pillow with Suction Cups for Ultimate Comfort,Enjoy a luxurious bath with this comfortable bath pillow, featuring suction cups for secure placement and ultimate relaxation.,/bath-pillow-suction-cups,,VISIBLE,PHYSICAL,0.4,Bathtime Bliss,,Y,Y,Y,Y,39.99,29.99,N,Y,Y,N,,,18.00,,,,,12,12,Y,6
Aromatherapy Diffuser,,AD001,Ultrasonic aromatherapy diffuser with adjustable settings and LED lights for creating a relaxing atmosphere.,Home Fragrance,Aromatherapy Diffuser for Relaxation and Mood,Enhance your mood and create a relaxing atmosphere with this aromatherapy diffuser, featuring adjustable settings and LED lights for a personalized experience.,/aromatherapy-diffuser,,VISIBLE,PHYSICAL,0.6,Breathe Easy,,Y,Y,Y,Y,59.99,49.99,N,Y,Y,N,,,25.00,,,,,10,10,Y,5
Essential Oil Set,,EOS001,Set of essential oils with various therapeutic scents for aromatherapy and relaxation.,Home Fragrance,Essential Oil Set for Aromatherapy and Relaxation,Enjoy a variety of therapeutic scents with this essential oil set, perfect for use with diffusers and aromatherapy practices.,/essential-oil-set,,VISIBLE,PHYSICAL,0.3,Scent-sational Relaxation,,Y,Y,Y,Y,39.99,29.99,N,Y,Y,N,,,20.00,,,,,15,15,Y,7
Silk Sleep Mask,,SSM001,Luxurious silk sleep mask for blocking out light and promoting restful sleep.,Sleep & Relaxation,Silk Sleep Mask for a Restful Night's Sleep,Enjoy a deep and restful sleep with this silk sleep mask, designed to block out light and promote relaxation.,/silk-sleep-mask,,VISIBLE,PHYSICAL,0.1,Sweet Dreams,,Y,Y,Y,Y,24.99,19.99,N,Y,Y,N,,,12.00,,,,,18,18,Y,8
Weighted Blanket,,WB001,Weighted blanket with evenly distributed weight for reducing anxiety and promoting relaxation.,Sleep & Relaxation,Weighted Blanket for Anxiety Relief and Relaxation,Experience the calming effects of this weighted blanket, designed with evenly distributed weight to reduce anxiety and promote relaxation.,/weighted-blanket,,VISIBLE,PHYSICAL,10.0,Calm and Cozy,,Y,Y,Y,Y,149.99,129.99,N,Y,Y,N,,,60.00,,,,,8,8,Y,3
Acupressure Mat,,AM001,Acupressure mat with thousands of points for stimulating blood flow and relieving muscle tension.,Health & Wellness,Acupressure Mat for Pain Relief and Relaxation,Relieve muscle tension and promote relaxation with this acupressure mat, featuring thousands of points to stimulate blood flow and release endorphins.,/acupressure-mat,,VISIBLE,PHYSICAL,1.5,Pinpoint Your Pain Relief,,Y,Y,Y,Y,49.99,39.99,N,Y,Y,N,,,25.00,,,,,10,10,Y,5
Yoga Mat,,YM001,Non-slip yoga mat with cushioning for comfortable and safe yoga practice.,Health & Wellness,Yoga Mat for a Comfortable Practice,Enhance your yoga practice with this non-slip yoga mat, providing cushioning and support for a comfortable and safe experience.,/yoga-mat,,VISIBLE,PHYSICAL,2.0,Strike a Pose,,Y,Y,Y,Y,39.99,29.99,N,Y,Y,N,,,20.00,,,,,12,12,Y,6
Resistance Band Set,,RBS001,Set of resistance bands with varying levels of resistance for strength training and rehabilitation.,Health & Wellness,Resistance Band Set for Strength Training,Build strength and improve flexibility with this resistance band set, featuring varying levels of resistance for a customized workout.,/resistance-band-set,,VISIBLE,PHYSICAL,0.5,Flex Your Muscles,,Y,Y,Y,Y,29.99,24.99,N,Y,Y,N,,,15.00,,,,,15,15,Y,7
Foam Roller,,FR001,High-density foam roller for self-massage and muscle recovery.,Health & Wellness,Foam Roller for Muscle Recovery and Relaxation,Relieve muscle soreness and improve flexibility with this foam roller, perfect for self-massage and myofascial release.,/foam-roller,,VISIBLE,PHYSICAL,1.0,Roll Away Your Pain,,Y,Y,Y,Y,39.99,29.99,N,Y,Y,N,,,20.00,,,,,18,18,Y,8
Fitness Tracker,,FT001,Fitness tracker with heart rate monitor, sleep tracking, and activity tracking features.,Electronics,Fitness Tracker for Health and Wellness,Track your fitness goals and monitor your health with this fitness tracker, featuring heart rate monitoring, sleep tracking, and activity tracking.,/fitness-tracker,,VISIBLE,PHYSICAL,0.1,Stay on Track,,Y,Y,Y,Y,79.99,69.99,N,Y,Y,N,,,35.00,,,,,10,10,Y,5
Smart Scale,,SS001,Smart scale with body composition analysis and app connectivity for tracking your health metrics.,Electronics,Smart Scale for Body Composition Analysis,Monitor your health and fitness progress with this smart scale, featuring body composition analysis and app connectivity for detailed insights.,/smart-scale,,VISIBLE,PHYSICAL,3.0,Weigh Your Options,,Y,Y,Y,Y,99.99,89.99,N,Y,Y,N,,,40.00,,,,,8,8,Y,3
Air Purifier,,AP001,Air purifier with HEPA filter for removing allergens, dust, and pollutants from your home.,Home Appliances,Air Purifier for Clean and Healthy Air,Breathe cleaner and healthier air with this air purifier, featuring a HEPA filter to remove allergens, dust, and pollutants from your home.,/air-purifier,,VISIBLE,PHYSICAL,5.0,Clear the Air,,Y,Y,Y,Y,149.99,129.99,N,Y,Y,N,,,60.00,,,,,10,10,Y,5
Humidifier,,HUM001,Humidifier with adjustable settings for adding moisture to the air and relieving dryness.,Home Appliances,Humidifier for Comfortable Living,Improve air quality and relieve dryness with this humidifier, featuring adjustable settings for a comfortable and healthy environment.,/humidifier,,VISIBLE,PHYSICAL,4.0,Breathe Easy,,Y,Y,Y,Y,79.99,69.99,N,Y,Y,N,,,35.00,,,,,12,12,Y,6
White Noise Machine,,WNM001,White noise machine with various soothing sounds for promoting relaxation and sleep.,Sleep & Relaxation,White Noise Machine for Better Sleep,Enjoy a peaceful night's sleep with this white noise machine, featuring various soothing sounds to block out distractions and promote relaxation.,/white-noise-machine,,VISIBLE,PHYSICAL,0.3,Sound Asleep,,Y,Y,Y,Y,39.99,29.99,N,Y,Y,N,,,20.00,,,,,15,15,Y,7
Sunrise Alarm Clock,,SAC001,Sunrise alarm clock with gradual light and sound for a gentle and natural wake-up experience.,Sleep & Relaxation,Sunrise Alarm Clock for a Gentle Wake-Up,Wake up feeling refreshed and energized with this sunrise alarm clock, featuring gradual light and sound for a natural and gentle wake-up experience.,/sunrise-alarm-clock,,VISIBLE,PHYSICAL,0.5,Rise and Shine,,Y,Y,Y,Y,59.99,49.99,N,Y,Y,N,,,25.00,,,,,18,18,Y,8
Bookends,,BE001,Decorative bookends for organizing and displaying your favorite books.,Home Decor,Bookends for Stylish Organization,Add a touch of style to your bookshelf with these decorative bookends, perfect for organizing and displaying your favorite books.,/bookends,,VISIBLE,PHYSICAL,2.0,Hold Your Books in Style,,Y,Y,Y,Y,29.99,24.99,N,Y,Y,N,,,15.00,,,,,20,20,Y,10
Decorative Throw Pillows,,DTP001,Set of decorative throw pillows with various patterns and textures for adding personality to your home decor.,Home Decor,Decorative Throw Pillows for a Stylish Touch,Enhance your home decor with this set of decorative throw pillows, featuring various patterns and textures to add personality and comfort to your space.,/decorative-throw-pillows,,VISIBLE,PHYSICAL,1.0,Pillow Talk,,Y,Y,Y,Y,49.99,39.99,N,Y,Y,N,,,20.00,,,,,12,12,Y,6
Silk Pillowcase,,SP001,Luxurious silk pillowcase for reducing wrinkles and promoting healthy hair.,Bedding,Silk Pillowcase for Beauty Sleep,Indulge in luxury and beauty sleep with this silk pillowcase, known for reducing wrinkles and promoting healthy hair.,/silk-pillowcase,,VISIBLE,PHYSICAL,0.3,Sleep in Style,,Y,Y,Y,Y,49.99,39.99,N,Y,Y,N,,,20.00,,,,,10,10,Y,5
Luxury Bath Towel Set,,LBTS001,Set of plush and absorbent bath towels for a spa-like experience at home.,Bedding,Luxury Bath Towel Set for a Spa Experience,Elevate your bath routine with this set of luxury bath towels, offering plush comfort and exceptional absorbency for a spa-like experience at home.,/luxury-bath-towel-set,,VISIBLE,PHYSICAL,2.5,Towel Off in Luxury,,Y,Y,Y,Y,79.99,69.99,N,Y,Y,N,,,35.00,,,,,12,12,Y,6
Robe,,RB001,Soft and comfortable robe for lounging and relaxing at home.,Loungewear,Robe for Comfort and Relaxation,Wrap yourself in comfort with this soft and cozy robe, perfect for lounging and relaxing at home.,/robe,,VISIBLE,PHYSICAL,1.0,Cozy Up in Comfort,,Y,Y,Y,Y,59.99,49.99,N,Y,Y,N,Size,S/M,25.00,,,,,15,15,Y,7
Slippers,,SL001,Plush and comfortable slippers for keeping your feet warm and cozy.,Loungewear,Slippers for Warmth and Comfort,Treat your feet to ultimate comfort with these plush slippers, perfect for keeping your feet warm and cozy around the house.,/slippers,,VISIBLE,PHYSICAL,0.5,Slip into Comfort,,Y,Y,Y,Y,39.99,29.99,N,Y,Y,N,Size,S/M,18.00,,,,,18,18,Y,8
Scented Candles,,SC001,Set of scented candles with various relaxing and invigorating fragrances for creating a calming atmosphere.,Home Fragrance,Scented Candles for a Relaxing Atmosphere,Set the mood with this set of scented candles, featuring various relaxing and invigorating fragrances to create a calming and inviting atmosphere in your home.,/scented-candles,,VISIBLE,PHYSICAL,1.5,Light Up Your Life,,Y,Y,Y,Y,39.99,29.99,N,Y,Y,N,,,20.00,,,,,20,20,Y,10
Reed Diffuser,,RD001,Reed diffuser with long-lasting fragrance for subtly scenting your home.,Home Fragrance,Reed Diffuser for Subtle Scenting,Enjoy continuous fragrance with this reed diffuser, featuring a long-lasting scent to subtly freshen and enhance your home's atmosphere.,/reed-diffuser,,VISIBLE,PHYSICAL,0.8,Fragrance Your Home,,Y,Y,Y,Y,49.99,39.99,N,Y,Y,N,,,25.00,,,,,12,12,Y,6
Incense Sticks,,IS001,Set of incense sticks with various calming and meditative scents for creating a peaceful ambiance.,Home Fragrance,Incense Sticks for Meditation and Relaxation,Enhance your meditation or relaxation practice with this set of incense sticks, featuring various calming and meditative scents to create a peaceful and tranquil atmosphere.,/incense-sticks,,VISIBLE,PHYSICAL,0.2,Inhale the Serenity,,Y,Y,Y,Y,19.99,14.99,N,Y,Y,N,,,10.00,,,,,15,15,Y,7
Tea Set,,TS001,Elegant tea set with teapot, cups, and saucers for enjoying a relaxing cup of tea.,Kitchenware,Tea Set for a Relaxing Ritual,Create a calming tea ritual with this elegant tea set, featuring a teapot, cups, and saucers for a sophisticated and enjoyable experience.,/tea-set,,VISIBLE,PHYSICAL,2.0,Tea Time Bliss,,Y,Y,Y,Y,69.99,59.99,N,Y,Y,N,,,30.00,,,,,10,10,Y,5
Coffee Maker,,CM001,High-quality coffee maker with various brewing options for enjoying a delicious cup of coffee.,Kitchenware,Coffee Maker for a Perfect Brew,Start your day with a perfect cup of coffee using this high-quality coffee maker, featuring various brewing options to suit your preferences.,/coffee-maker,,VISIBLE,PHYSICAL,5.0,Brew Your Best,,Y,Y,Y,Y,99.99,89.99,N,Y,Y,N,,,40.00,,,,,8,8,Y,3
Wine Glasses,,WG001,Set of elegant wine glasses for enhancing your wine-drinking experience.,Kitchenware,Wine Glasses for a Sophisticated Sip,Elevate your wine experience with this set of elegant wine glasses, designed to enhance the aroma and flavor of your favorite wines.,/wine-glasses,,VISIBLE,PHYSICAL,1.5,Cheers to Good Taste,,Y,Y,Y,Y,49.99,39.99,N,Y,Y,N,,,25.00,,,,,12,12,Y,6
Cocktail Shaker Set,,CSS001,Cocktail shaker set with all the essential tools for crafting delicious cocktails at home.,Kitchenware,Cocktail Shaker Set for the Home Bartender,Unleash your inner mixologist with this cocktail shaker set, featuring all the essential tools for crafting delicious cocktails at home.,/cocktail-shaker-set,,VISIBLE,PHYSICAL,2.0,Shake Things Up,,Y,Y,Y,Y,59.99,49.99,N,Y,Y,N,,,30.00,,,,,10,10,Y,5
Bluetooth Speaker,,BS001,Portable Bluetooth speaker with high-quality sound for enjoying music anywhere.,Electronics,Bluetooth Speaker for Music on the Go,Enjoy your favorite music wherever you go with this portable Bluetooth speaker, offering high-quality sound and convenient wireless connectivity.,/bluetooth-speaker,,VISIBLE,PHYSICAL,0.5,Sound the Music,,Y,Y,Y,Y,49.99,39.99,N,Y,Y,N,,,20.00,,,,,15,15,Y,7
Headphones,,HP001,Noise-cancelling headphones for immersive listening and relaxation.,Electronics,Noise-Cancelling Headphones for Immersive Sound,Escape the noise and immerse yourself in your favorite music or podcasts with these noise-cancelling headphones, designed for superior sound quality and comfort.,/headphones,,VISIBLE,PHYSICAL,0.8,Tune Out the World,,Y,Y,Y,Y,99.99,89.99,N,Y,Y,N,,,40.00,,,,,12,12,Y,6
E-reader,,ER001,E-reader with adjustable backlight and long battery life for enjoying books anywhere.,Electronics,E-reader for Book Lovers,Enjoy your favorite books wherever you go with this e-reader, featuring an adjustable backlight and long battery life for comfortable reading.,/e-reader,,VISIBLE,PHYSICAL,0.5,Read On,,Y,Y,Y,Y,149.99,129.99,N,Y,Y,N,,,60.00,,,,,10,10,Y,5
Portable Charger,,PC001,Portable charger with high capacity for keeping your devices powered on the go.,Electronics,Portable Charger for On-the-Go Power,Stay connected and powered up with this portable charger, featuring a high capacity to keep your devices charged wherever you go.,/portable-charger,,VISIBLE,PHYSICAL,0.3,Power Up Anywhere,,Y,Y,Y,Y,29.99,24.99,N,Y,Y,N,,,15.00,,,,,18,18,Y,8
Board Game,,BG001,Fun and engaging board game for game nights and social gatherings.,Games & Puzzles,Board Game for Fun and Entertainment,Enjoy quality time with friends and family with this fun and engaging board game, perfect for game nights and social gatherings.,/board-game,,VISIBLE,PHYSICAL,1.5,Game On,,Y,Y,Y,Y,39.99,29.99,N,Y,Y,N,,,20.00,,,,,20,20,Y,10
Puzzle,,PZ001,Challenging and intricate puzzle for stimulating your mind and relaxing.,Games & Puzzles,Puzzle for Relaxation and Mental Stimulation,Unwind and challenge yourself with this intricate puzzle, perfect for relaxing and stimulating your mind.,/puzzle,,VISIBLE,PHYSICAL,1.0,Piece Together the Fun,,Y,Y,Y,Y,29.99,24.99,N,Y,Y,N,,,15.00,,,,,15,15,Y,7
Adult Coloring Book,,ACB001,Adult coloring book with intricate designs for stress relief and creative expression.,Books & Stationery,Adult Coloring Book for Stress Relief,Unleash your creativity and relieve stress with this adult coloring book, featuring intricate designs and patterns for hours of enjoyment.,/adult-coloring-book,,VISIBLE,PHYSICAL,0.3,Color Your Stress Away,,Y,Y,Y,Y,14.99,9.99,N,Y,Y,N,,,8.00,,,,,20,20,Y,10
Journal,,JN001,Beautiful journal with lined pages for writing down your thoughts, ideas, and reflections.,Books & Stationery,Journal for Reflection and Self-Expression,Capture your thoughts and express yourself with this beautiful journal, featuring lined pages and a stylish design for a personalized writing experience.,/journal,,VISIBLE,PHYSICAL,0.5,Write Your Story,,Y,Y,Y,Y,19.99,14.99,N,Y,Y,N,,,10.00,,,,,12,12,Y,6
Pen Set,,PS001,Set of high-quality pens with various colors and nib sizes for writing and drawing.,Books & Stationery,Pen Set for Writing and Drawing,Enjoy smooth and precise writing with this set of high-quality pens, featuring various colors and nib sizes for all your writing and drawing needs.,/pen-set,,VISIBLE,PHYSICAL,0.2,Write in Style,,Y,Y,Y,Y,24.99,19.99,N,Y,Y,N,,,12.00,,,,,15,15,Y,7
Gift Card,,GC001,Gift card for your store, allowing recipients to choose their own perfect gift.,Gift Cards,Gift Card for Any Occasion,Give the gift of choice with this gift card, allowing recipients to select their favorite items from your store.,/gift-card,,VISIBLE,DIGITAL,0.0,Gift the Perfect Present,,Y,Y,N,N,25.00,25.00,N,Y,N,N,,,0.00,,,,,0,0,N,0
Donation,,DN001,Donation to your chosen charity or cause, allowing customers to contribute to a good cause.,Donations,Donation to Support Our Cause,Make a difference by donating to our chosen charity or cause, supporting our efforts to make a positive impact.,/donation,,VISIBLE,DIGITAL,0.0,Give Back and Make a Difference,,Y,Y,N,N,5.00,5.00,N,Y,N,N,,,0.00,,,,,0,0,N,0
Comfy Blanket,,CB001,Soft and cozy blanket for snuggling up on the couch or in bed.,Bedding,Comfy Blanket for Cozy Nights,Wrap yourself in warmth and comfort with this soft and cozy blanket, perfect for snuggling up on the couch or in bed.,/comfy-blanket,,VISIBLE,PHYSICAL,2.0,Snuggle Up in Style,,Y,Y,Y,Y,59.99,49.99,N,Y,Y,N,,,25.00,,,,,12,12,Y,6
Decorative Throw Blanket,,DTB001,Stylish throw blanket with a unique pattern or texture for adding a touch of personality to your home decor.,Home Decor,Decorative Throw Blanket for a Stylish Touch,Enhance your home decor with this stylish throw blanket, featuring a unique pattern or texture to add a touch of personality and warmth to your space.,/decorative-throw-blanket,,VISIBLE,PHYSICAL,1.5,Blanket Statement,,Y,Y,Y,Y,49.99,39.99,N,Y,Y,N,,,20.00,,,,,15,15,Y,7
Bathrobe,,BR001,Plush and absorbent bathrobe for after-shower comfort and relaxation.,Bath & Body,Bathrobe for After-Shower Comfort,Wrap yourself in luxury after your shower or bath with this plush and absorbent bathrobe, designed for ultimate comfort and relaxation.,/bathrobe,,VISIBLE,PHYSICAL,1.2,Cozy Up After Your Bath,,Y,Y,Y,Y,69.99,59.99,N,Y,Y,N,Size,S/M,30.00,,,,,10,10,Y,5
Towel Wrap,,TW001,Towel wrap with secure closure for convenient and comfortable wear after a shower or bath.,Bath & Body,Towel Wrap for Hands-Free Drying,Enjoy hands-free drying and ultimate comfort with this towel wrap, featuring a secure closure for convenient and comfortable wear after your shower or bath.,/towel-wrap,,VISIBLE,PHYSICAL,0.8,Wrap Up in Comfort,,Y,Y,Y,Y,39.99,29.99,N,Y,Y,N,,,18.00,,,,,12,12,Y,6
Body Scrub,,BS001,Exfoliating body scrub with natural ingredients for smooth and radiant skin.,Bath & Body,Body Scrub for Smooth and Radiant Skin,Reveal your skin's natural radiance with this exfoliating body scrub, featuring natural ingredients to gently remove dead skin cells and leave your skin feeling soft and smooth.,/body-scrub,,VISIBLE,PHYSICAL,0.5,Scrub Your Way to Smooth Skin,,Y,Y,Y,Y,24.99,19.99,N,Y,Y,N,,,12.00,,,,,15,15,Y,7
Bath Bomb Set,,BBS001,Set of fizzy bath bombs with essential oils and skin-soothing ingredients for a relaxing and aromatic bath experience.,Bath & Body,Bath Bomb Set for a Relaxing Soak,Transform your bath into a spa-like experience with this set of fizzy bath bombs, featuring essential oils and skin-soothing ingredients for a relaxing and aromatic soak.,/bath-bomb-set,,VISIBLE,PHYSICAL,1.0,Bomb Your Bath with Relaxation,,Y,Y,Y,Y,39.99,29.99,N,Y,Y,N,,,20.00,,,,,18,18,Y,8
Luxury Soap Set,,LSS001,Set of handcrafted soaps with natural ingredients and luxurious scents for a pampering cleansing experience.,Bath & Body,Luxury Soap Set for a Pampering Cleanse,Indulge in a luxurious cleansing experience with this set of handcrafted soaps, featuring natural ingredients and exquisite scents to leave your skin feeling soft and refreshed.,/luxury-soap-set,,VISIBLE,PHYSICAL,0.8,Lather Up in Luxury,,Y,Y,Y,Y,34.99,29.99,N,Y,Y,N,,,18.00,,,,,10,10,Y,5
Hair Towel,,HT001,Microfiber hair towel for quick and gentle drying of your hair.,Hair Care,Hair Towel for Quick Drying,Dry your hair quickly and gently with this microfiber hair towel, designed to absorb moisture efficiently and reduce frizz.,/hair-towel,,VISIBLE,PHYSICAL,0.3,Dry Your Hair in Style,,Y,Y,Y,Y,19.99,14.99,N,Y,Y,N,,,10.00,,,,,12,12,Y,6
Hair Brush,,HB001,Detangling hair brush with soft bristles for gentle and pain-free brushing.,Hair Care,Hair Brush for Detangling and Styling,Detangle your hair effortlessly with this hair brush, featuring soft bristles to gently smooth and style your hair without pain or breakage.,/hair-brush,,VISIBLE,PHYSICAL,0.2,Brush Your Worries Away,,Y,Y,Y,Y,24.99,19.99,N,Y,Y,N,,,12.00,,,,,15,15,Y,7
Hair Oil,,HO001,Nourishing hair oil with natural ingredients for healthy and shiny hair.,Hair Care,Hair Oil for Healthy and Shiny Hair,Nourish and revitalize your hair with this hair oil, featuring natural ingredients to promote healthy, shiny, and manageable hair.,/hair-oil,,VISIBLE,PHYSICAL,0.3,Oil Your Way to Healthy Hair,,Y,Y,Y,Y,29.99,24.99,N,Y,Y,N,,,15.00,,,,,18,18,Y,8
Yoga Block,,YB001,Yoga block for providing support and stability during yoga practice.,Health & Wellness,Yoga Block for Support and Stability,Enhance your yoga practice with this yoga block, providing support and stability for various poses and modifications.,/yoga-block,,VISIBLE,PHYSICAL,0.5,Block Your Way to Better Yoga,,Y,Y,Y,Y,14.99,9.99,N,Y,Y,N,,,8.00,,,,,20,20,Y,10
Yoga Strap,,YS001,Yoga strap for improving flexibility and deepening stretches.,Health & Wellness,Yoga Strap for Flexibility and Deep Stretches,Increase your flexibility and deepen your stretches with this yoga strap, providing support and assistance for various yoga poses.,/yoga-strap,,VISIBLE,PHYSICAL,0.2,Strap In for Deeper Stretches,,Y,Y,Y,Y,19.99,14.99,N,Y,Y,N,,,10.00,,,,,12,12,Y,6
Meditation Cushion,,MC001,Comfortable meditation cushion for supporting proper posture and promoting relaxation during meditation.,Health & Wellness,Meditation Cushion for Comfort and Support,Enhance your meditation practice with this comfortable meditation cushion, designed to support proper posture and promote relaxation.,/meditation-cushion,,VISIBLE,PHYSICAL,2.0,Cushion Your Meditation Practice,,Y,Y,Y,Y,49.99,39.99,N,Y,Y,N,,,25.00,,,,,10,10,Y,5
Water Bottle,,WB001,Reusable water bottle with a stylish design for staying hydrated throughout the day.,Hydration & Accessories,Water Bottle for Staying Hydrated,Stay hydrated in style with this reusable water bottle, featuring a stylish design and convenient features for everyday use.,/water-bottle,,VISIBLE,PHYSICAL,0.5,Hydrate in Style,,Y,Y,Y,Y,24.99,19.99,N,Y,Y,N,,,12.00,,,,,15,15,Y,7
Travel Mug,,TM001,Insulated travel mug for keeping your beverages hot or cold on the go.,Hydration & Accessories,Travel Mug for Beverages on the Go,Enjoy your favorite beverages on the go with this insulated travel mug, designed to keep your drinks hot or cold for hours.,/travel-mug,,VISIBLE,PHYSICAL,0.4,Mug on the Move,,Y,Y,Y,Y,29.99,24.99,N,Y,Y,N,,,15.00,,,,,18,18,Y,8
Lunch Bag,,LB001,Insulated lunch bag for keeping your food fresh and at the right temperature.,Kitchen & Dining,Lunch Bag for Fresh and Tasty Meals,Pack your lunch in style with this insulated lunch bag, designed to keep your food fresh and at the right temperature throughout the day.,/lunch-bag,,VISIBLE,PHYSICAL,0.6,Lunchtime Bliss,,Y,Y,Y,Y,19.99,14.99,N,Y,Y,N,,,10.00,,,,,20,20,Y,10
Food Storage Containers,,FSC001,Set of reusable food storage containers for keeping your food fresh and organized.,Kitchen & Dining,Food Storage Containers for Organized Meals,Keep your food fresh and your kitchen organized with this set of reusable food storage containers, featuring various sizes for all your storage needs.,/food-storage-containers,,VISIBLE,PHYSICAL,1.0,Contain Your Cravings,,Y,Y,Y,Y,29.99,24.99,N,Y,Y,N,,,15.00,,,,,12,12,Y,6
Apron,,AP001,Stylish and functional apron for protecting your clothes while cooking or baking.,Kitchen & Dining,Apron for Stylish Cooking,Cook in style and protect your clothes with this stylish and functional apron, featuring convenient pockets and a comfortable fit.,/apron,,VISIBLE,PHYSICAL,0.3,Apron Up for Culinary Creations,,Y,Y,Y,Y,24.99,19.99,N,Y,Y,N,,,12.00,,,,,15,15,Y,7
Oven Mitts,,OM001,Heat-resistant oven mitts for safely handling hot dishes and cookware.,Kitchen & Dining,Oven Mitts for Safe Handling,Protect your hands from burns with these heat-resistant oven mitts, designed for safely handling hot dishes and cookware in the kitchen.,/oven-mitts,,VISIBLE,PHYSICAL,0.4,Handle with Care,,Y,Y,Y,Y,19.99,14.99,N,Y,Y,N,,,10.00,,,,,18,18,Y,8
Comfy Blanket,,CB001,Soft and cozy blanket for snuggling up on the couch or in bed.,Bedding,Comfy Blanket for Cozy Nights,Wrap yourself in warmth and comfort with this soft and cozy blanket, perfect for snuggling up on the couch or in bed.,/comfy-blanket,,VISIBLE,PHYSICAL,2.0,Snuggle Up in Style,,Y,Y,Y,Y,59.99,49.99,N,Y,Y,N,,,25.00,,,,,12,12,Y,6
Decorative Throw Blanket,,DTB001,Stylish throw blanket with a unique pattern or texture for adding a touch of personality to your home decor.,Home Decor,Decorative Throw Blanket for a Stylish Touch,Enhance your home decor with this stylish throw blanket, featuring a unique pattern or texture to add a touch of personality and warmth to your space.,/decorative-throw-blanket,,VISIBLE,PHYSICAL,1.5,Blanket Statement,,Y,Y,Y,Y,49.99,39.99,N,Y,Y,N,,,20.00,,,,,15,15,Y,7
Bathrobe,,BR001,Plush and absorbent bathrobe for after-shower comfort and relaxation.,Bath & Body,Bathrobe for After-Shower Comfort,Wrap yourself in luxury after your shower or bath with this plush and absorbent bathrobe, designed for ultimate comfort and relaxation.,/bathrobe,,VISIBLE,PHYSICAL,1.2,Cozy Up After Your Bath,,Y,Y,Y,Y,69.99,59.99,N,Y,Y,N,Size,S/M,30.00,,,,,10,10,Y,5
Towel Wrap,,TW001,Towel wrap with secure closure for convenient and comfortable wear after a shower or bath.,Bath & Body,Towel Wrap for Hands-Free Drying,Enjoy hands-free drying and ultimate comfort with this towel wrap, featuring a secure closure for convenient and comfortable wear after your shower or bath.,/towel-wrap,,VISIBLE,PHYSICAL,0.8,Wrap Up in Comfort,,Y,Y,Y,Y,39.99,29.99,N,Y,Y,N,,,18.00,,,,,12,12,Y,6
Body Scrub,,BS001,Exfoliating body scrub with natural ingredients for smooth and radiant skin.,Bath & Body,Body Scrub for Smooth and Radiant Skin,Reveal your skin's natural radiance with this exfoliating body scrub, featuring natural ingredients to gently remove dead skin cells and leave your skin feeling soft and smooth.,/body-scrub,,VISIBLE,PHYSICAL,0.5,Scrub Your Way to Smooth Skin,,Y,Y,Y,Y,24.99,19.99,N,Y,Y,N,,,12.00,,,,,15,15,Y,7
Bath Bomb Set,,BBS001,Set of fizzy bath bombs with essential oils and skin-soothing ingredients for a relaxing and aromatic bath experience.,Bath & Body,Bath Bomb Set for a Relaxing Soak,Transform your bath into a spa-like experience with this set of fizzy bath bombs, featuring essential oils and skin-soothing ingredients for a relaxing and aromatic soak.,/bath-bomb-set,,VISIBLE,PHYSICAL,1.0,Bomb Your Bath with Relaxation,,Y,Y,Y,Y,39.99,29.99,N,Y,Y,N,,,20.00,,,,,18,18,Y,8
Luxury Soap Set,,LSS001,Set of handcrafted soaps with natural ingredients and luxurious scents for a pampering cleansing experience.,Bath & Body,Luxury Soap Set for a Pampering Cleanse,Indulge in a luxurious cleansing experience with this set of handcrafted soaps, featuring natural ingredients and exquisite scents to leave your skin feeling soft and refreshed.,/luxury-soap-set,,VISIBLE,PHYSICAL,0.8,Lather Up in Luxury,,Y,Y,Y,Y,34.99,29.99,N,Y,Y,N,,,18.00,,,,,10,10,Y,5
Hair Towel,,HT001,Microfiber hair towel for quick and gentle drying of your hair.,Hair Care,Hair Towel for Quick Drying,Dry your hair quickly and gently with this microfiber hair towel, designed to absorb moisture efficiently and reduce frizz.,/hair-towel,,VISIBLE,PHYSICAL,0.3,Dry Your Hair in Style,,Y,Y,Y,Y,19.99,14.99,N,Y,Y,N,,,10.00,,,,,12,12,Y,6
Hair Brush,,HB001,Detangling hair brush with soft bristles for gentle and pain-free brushing.,Hair Care,Hair Brush for Detangling and Styling,Detangle your hair effortlessly with this hair brush, featuring soft bristles to gently smooth and style your hair without pain or breakage.,/hair-brush,,VISIBLE,PHYSICAL,0.2,Brush Your Worries Away,,Y,Y,Y,Y,24.99,19.99,N,Y,Y,N,,,12.00,,,,,15,15,Y,7
Hair Oil,,HO001,Nourishing hair oil with natural ingredients for healthy and shiny hair.,Hair Care,Hair Oil for Healthy and Shiny Hair,Nourish and revitalize your hair with this hair oil, featuring natural ingredients to promote healthy, shiny, and manageable hair.,/hair-oil,,VISIBLE,PHYSICAL,0.3,Oil Your Way to Healthy Hair,,Y,Y,Y,Y,29.99,24.99,N,Y,Y,N,,,15.00,,,,,18,18,Y,8
Yoga Block,,YB001,Yoga block for providing support and stability during yoga practice.,Health & Wellness,Yoga Block for Support and Stability,Enhance your yoga practice with this yoga block, providing support and stability for various poses and modifications.,/yoga-block,,VISIBLE,PHYSICAL,0.5,Block Your Way to Better Yoga,,Y,Y,Y,Y,14.99,9.99,N,Y,Y,N,,,8.00,,,,,20,20,Y,10
Yoga Strap,,YS001,Yoga strap for improving flexibility and deepening stretches.,Health & Wellness,Yoga Strap for Flexibility and Deep Stretches,Increase your flexibility and deepen your stretches with this yoga strap, providing support and assistance for various yoga poses.,/yoga-strap,,VISIBLE,PHYSICAL,0.2,Strap In for Deeper Stretches,,Y,Y,Y,Y,19.99,14.99,N,Y,Y,N,,,10.00,,,,,12,12,Y,6
Meditation Cushion,,MC001,Comfortable meditation cushion for supporting proper posture and promoting relaxation during meditation.,Health & Wellness,Meditation Cushion for Comfort and Support,Enhance your meditation practice with this comfortable meditation cushion, designed to support proper posture and promote relaxation.,/meditation-cushion,,VISIBLE,PHYSICAL,2.0,Cushion Your Meditation Practice,,Y,Y,Y,Y,49.99,39.99,N,Y,Y,N,,,25.00,,,,,10,10,Y,5
Water Bottle,,WB001,Reusable water bottle with a stylish design for staying hydrated throughout the day.,Hydration & Accessories,Water Bottle for Staying Hydrated,Stay hydrated in style with this reusable water bottle, featuring a stylish design and convenient features for everyday use.,/water-bottle,,VISIBLE,PHYSICAL,0.5,Hydrate in Style,,Y,Y,Y,Y,24.99,19.99,N,Y,Y,N,,,12.00,,,,,15,15,Y,7
Travel Mug,,TM001,Insulated travel mug for keeping your beverages hot or cold on the go.,Hydration & Accessories,Travel Mug for Beverages on the Go,Enjoy your favorite beverages on the go with this insulated travel mug, designed to keep your drinks hot or cold for hours.,/travel-mug,,VISIBLE,PHYSICAL,0.4,Mug on the Move,,Y,Y,Y,Y,29.99,24.99,N,Y,Y,N,,,15.00,,,,,18,18,Y,8
Lunch Bag,,LB001,Insulated lunch bag for keeping your food fresh and at the right temperature.,Kitchen & Dining,Lunch Bag for Fresh and Tasty Meals,Pack your lunch in style with this insulated lunch bag, designed to keep your food fresh and at the right temperature throughout the day.,/lunch-bag,,VISIBLE,PHYSICAL,0.6,Lunchtime Bliss,,Y,Y,Y,Y,19.99,14.99,N,Y,Y,N,,,10.00,,,,,20,20,Y,10
Food Storage Containers,,FSC001,Set of reusable food storage containers for keeping your food fresh and organized.,Kitchen & Dining,Food Storage Containers for Organized Meals,Keep your food fresh and your kitchen organized with this set of reusable food storage containers, featuring various sizes for all your storage needs.,/food-storage-containers,,VISIBLE,PHYSICAL,1.0,Contain Your Cravings,,Y,Y,Y,Y,29.99,24.99,N,Y,Y,N,,,15.00,,,,,12,12,Y,6
Apron,,AP001,Stylish and functional apron for protecting your clothes while cooking or baking.,Kitchen & Dining,Apron for Stylish Cooking,Cook in style and protect your clothes with this stylish and functional apron, featuring convenient pockets and a comfortable fit.,/apron,,VISIBLE,PHYSICAL,0.3,Apron Up for Culinary Creations,,Y,Y,Y,Y,24.99,19.99,N,Y,Y,N,,,12.00,,,,,15,15,Y,7
Oven Mitts,,OM001,Heat-resistant oven mitts for safely handling hot dishes and cookware.,Kitchen & Dining,Oven Mitts for Safe Handling,Protect your hands from burns with these heat-resistant oven mitts, designed for safely handling hot dishes and cookware in the kitchen.,/oven-mitts,,VISIBLE,PHYSICAL,0.4,Handle with Care,,Y,Y,Y,Y,19.99,14.99,N,Y,Y,N,,,10.00,,,,,18,18,Y,8
Bamboo Cutting Board,,BCB001,Durable and eco-friendly bamboo cutting board for food preparation.,Kitchen & Dining,Bamboo Cutting Board for Eco-Friendly Cooking,Chop and slice with ease on this durable and eco-friendly bamboo cutting board, perfect for all your food preparation needs.,/bamboo-cutting-board,,VISIBLE,PHYSICAL,1.5,Chop in Style,,Y,Y,Y,Y,29.99,24.99,N,Y,Y,N,,,15.00,,,,,12,12,Y,6
Kitchen Knife Set,,KKS001,Set of high-quality kitchen knives for precise and efficient cutting.,Kitchen & Dining,Kitchen Knife Set for Professional Cooking,Elevate your culinary skills with this set of high-quality kitchen knives, designed for precise and efficient cutting of all types of ingredients.,/kitchen-knife-set,,VISIBLE,PHYSICAL,3.0,Slice and Dice with Precision,,Y,Y,Y,Y,99.99,89.99,N,Y,Y,N,,,40.00,,,,,8,8,Y,3
Mixing Bowls,,MB001,Set of nesting mixing bowls with various sizes for all your baking and cooking needs.,Kitchen & Dining,Mixing Bowls for Baking and Cooking,Mix, whisk, and prepare your ingredients with ease using this set of nesting mixing bowls, featuring various sizes for all your culinary needs.,/mixing-bowls,,VISIBLE,PHYSICAL,2.0,Bowl Over with Functionality,,Y,Y,Y,Y,39.99,29.99,N,Y,Y,N,,,20.00,,,,,10,10,Y,5
Measuring Cups and Spoons,,MCS001,Set of measuring cups and spoons for accurate measuring of ingredients in your recipes.,Kitchen & Dining,Measuring Cups and Spoons for Precise Baking,Ensure precise measurements in your recipes with this set of measuring cups and spoons, essential tools for baking and cooking success.,/measuring-cups-spoons,,VISIBLE,PHYSICAL,0.5,Measure Up Your Ingredients,,Y,Y,Y,Y,14.99,9.99,N,Y,Y,N,,,8.00,,,,,15,15,Y,7
Colander,,COL001,Durable colander for draining pasta, vegetables, and fruits.,Kitchen & Dining,Colander for Draining and Straining,Drain your pasta, vegetables, and fruits with ease using this durable colander, a kitchen essential for efficient food preparation.,/colander,,VISIBLE,PHYSICAL,0.8,Strain Away the Excess,,Y,Y,Y,Y,19.99,14.99,N,Y,Y,N,,,10.00,,,,,18,18,Y,8
Vegetable Peeler,,VP001,Ergonomic vegetable peeler for effortless peeling of fruits and vegetables.,Kitchen & Dining,Vegetable Peeler for Easy Peeling,Peel your fruits and vegetables with ease using this ergonomic vegetable peeler, designed for comfortable and efficient use.,/vegetable-peeler,,VISIBLE,PHYSICAL,0.2,Peel Away the Hassle,,Y,Y,Y,Y,9.99,7.99,N,Y,Y,N,,,5.00,,,,,20,20,Y,10
Can Opener,,CO001,Manual can opener with a comfortable grip for easy opening of cans.,Kitchen & Dining,Can Opener for Effortless Opening,Open your cans effortlessly with this manual can opener, featuring a comfortable grip and sharp blade for smooth and efficient use.,/can-opener,,VISIBLE,PHYSICAL,0.3,Open Up Possibilities,,Y,Y,Y,Y,12.99,9.99,N,Y,Y,N,,,7.00,,,,,12,12,Y,6
Salt and Pepper Grinder Set,,SPGS001,Salt and pepper grinder set with adjustable coarseness for freshly ground spices.,Kitchen & Dining,Salt and Pepper Grinder Set for Fresh Flavor,Enhance the flavor of your dishes with this salt and pepper grinder set, featuring adjustable coarseness for freshly ground spices every time.,/salt-pepper-grinder-set,,VISIBLE,PHYSICAL,1.0,Grind Your Way to Flavor,,Y,Y,Y,Y,29.99,24.99,N,Y,Y,N,,,15.00,,,,,10,10,Y,5
Spice Rack,,SR001,Spice rack for organizing and storing your favorite spices.,Kitchen & Dining,Spice Rack for Organized Cooking,Keep your spices organized and within reach with this spice rack, featuring a convenient design for storing and accessing your favorite flavors.,/spice-rack,,VISIBLE,PHYSICAL,1.5,Spice Up Your Kitchen,,Y,Y,Y,Y,39.99,29.99,N,Y,Y,N,,,20.00,,,,,12,12,Y,6
Coffee Grinder,,CG001,Coffee grinder with adjustable settings for grinding coffee beans to your preferred coarseness.,Kitchen & Dining,Coffee Grinder for Freshly Ground Coffee,Enjoy the aroma and flavor of freshly ground coffee with this coffee grinder, featuring adjustable settings to achieve your desired coarseness.,/coffee-grinder,,VISIBLE,PHYSICAL,2.0,Grind Your Own Beans,,Y,Y,Y,Y,49.99,39.99,N,Y,Y,N,,,25.00,,,,,8,8,Y,3
Tea Infuser,,TI001,Tea infuser for steeping loose leaf tea for a flavorful and aromatic cup of tea.,Kitchen & Dining,Tea Infuser for Loose Leaf Tea,Enjoy the full flavor and aroma of loose leaf tea with this tea infuser, a convenient and stylish way to brew your favorite blends.,/tea-infuser,,VISIBLE,PHYSICAL,0.1,Infuse Your Tea with Flavor,,Y,Y,Y,Y,12.99,9.99,N,Y,Y,N,,,7.00,,,,,15,15,Y,7
Wine Opener,,WO001,Wine opener with a comfortable grip and foil cutter for effortlessly opening wine bottles.,Kitchen & Dining,Wine Opener for Effortless Cork Removal,Open your wine bottles with ease using this wine opener, featuring a comfortable grip and built-in foil cutter for a smooth and efficient experience.,/wine-opener,,VISIBLE,PHYSICAL,0.3,Uncork Your Favorite Wine,,Y,Y,Y,Y,19.99,14.99,N,Y,Y,N,,,10.00,,,,,18,18,Y,8
Coasters,,COA001,Set of coasters with stylish designs for protecting your furniture from water rings and stains.,Home Decor,Coasters for Protecting Your Furniture,Protect your furniture in style with this set of coasters, featuring various designs to complement your home decor.,/coasters,,VISIBLE,PHYSICAL,0.5,Coasters with Style,,Y,Y,Y,Y,19.99,14.99,N,Y,Y,N,,,10.00,,,,,20,20,Y,10
Placemats,,PL001,Set of placemats with various colors and patterns for adding a decorative touch to your dining table.,Home Decor,Placemats for a Stylish Dining Table,Enhance your dining experience with this set of placemats, featuring various colors and patterns to add a decorative touch to your table setting.,/placemats,,VISIBLE,PHYSICAL,1.0,Set the Table in Style,,Y,Y,Y,Y,29.99,24.99,N,Y,Y,N,,,15.00,,,,,12,12,Y,6
Table Runner,,TR001,Table runner with a unique design for adding a touch of elegance to your dining table or coffee table.,Home Decor,Table Runner for Elegant Decor,Elevate your home decor with this table runner, featuring a unique design to add a touch of elegance to your dining table or coffee table.,/table-runner,,VISIBLE,PHYSICAL,0.8,Run with Style,,Y,Y,Y,Y,39.99,29.99,N,Y,Y,N,,,20.00,,,,,10,10,Y,5
Wall Art,,WA001,Wall art with various styles and designs for adding personality and visual interest to your walls.,Home Decor,Wall Art for Expressing Your Style,Express your unique style and enhance your home decor with this wall art, featuring various styles and designs to complement your space.,/wall-art,,VISIBLE,PHYSICAL,2.0,Artful Expression,,Y,Y,Y,Y,49.99,39.99,N,Y,Y,N,,,25.00,,,,,12,12,Y,6
Decorative Bowls,,DB001,Set of decorative bowls with various sizes and designs for adding a stylish touch to your home decor.,Home Decor,Decorative Bowls for a Stylish Touch,Enhance your home decor with this set of decorative bowls, featuring various sizes and designs to add a touch of elegance and personality to your space.,/decorative-bowls,,VISIBLE,PHYSICAL,1.5,Bowl Over with Style,,Y,Y,Y,Y,39.99,29.99,N,Y,Y,N,,,20.00,,,,,15,15,Y,7
Vases,,VA001,Set of vases with various shapes and sizes for displaying flowers and adding a touch of nature to your home decor.,Home Decor,Vases for Floral Arrangements,Bring the beauty of nature indoors with this set of vases, featuring various shapes and sizes for displaying your favorite flowers and adding a touch of elegance to your home decor.,/vases,,VISIBLE,PHYSICAL,1.0,Flower Power,,Y,Y,Y,Y,29.99,24.99,N,Y,Y,N,,,15.00,,,,,18,18,Y,8
Throw Pillows,,TP001,Set of plush throw pillows with various colors and patterns for adding comfort and style to your sofa or bed.,Home Decor,Throw Pillows for Comfort and Style,Enhance your home decor and add a touch of comfort with this set of plush throw pillows, featuring various colors and patterns to complement your style.,/throw-pillows,,VISIBLE,PHYSICAL,1.5,Pillow Perfect,,Y,Y,Y,Y,39.99,29.99,N,Y,Y,N,,,20.00,,,,,12,12,Y,6
Picture Frames,,PF001,Set of picture frames with various sizes and styles for displaying your cherished memories.,Home Decor,Picture Frames for Cherished Memories,Showcase your favorite photos and memories with this set of picture frames, featuring various sizes and styles to complement your home decor.,/picture-frames,,VISIBLE,PHYSICAL,1.0,Frame Your Memories,,Y,Y,Y,Y,29.99,24.99,N,Y,Y,N,,,15.00,,,,,15,15,Y,7
Mirrors,,MIR001,Decorative mirrors with various shapes and sizes for adding light and dimension to your space.,Home Decor,Mirrors for Enhancing Your Space,Enhance your home decor and create a sense of spaciousness with these decorative mirrors, featuring various shapes and sizes to complement your style.,/mirrors,,VISIBLE,PHYSICAL,2.0,Reflect Your Style,,Y,Y,Y,Y,49.99,39.99,N,Y,Y,N,,,25.00,,,,,10,10,Y,5
Storage Bins,,SB001,Set of storage bins with various sizes for organizing and decluttering your home.,Home Organization,Storage Bins for an Organized Home,Declutter and organize your home with this set of storage bins, featuring various sizes to accommodate different items and spaces.,/storage-bins,,VISIBLE,PHYSICAL,2.5,Bin There, Done That,,Y,Y,Y,Y,39.99,29.99,N,Y,Y,N,,,20.00,,,,,12,12,Y,6
Storage Baskets,,SBA001,Set of storage baskets with various sizes and styles for adding a touch of rustic charm to your organization.,Home Organization,Storage Baskets for Rustic Charm,Organize your belongings in style with this set of storage baskets, featuring various sizes and styles to add a touch of rustic charm to your home decor.,/storage-baskets,,VISIBLE,PHYSICAL,2.0,Basket Case of Style,,Y,Y,Y,Y,49.99,39.99,N,Y,Y,N,,,25.00,,,,,10,10,Y,5
Clothes Hangers,,CH001,Set of sturdy clothes hangers with a non-slip design for keeping your clothes organized and wrinkle-free.,Home Organization,Clothes Hangers for Organized Closets,Keep your clothes organized and wrinkle-free with this set of sturdy clothes hangers, featuring a non-slip design to prevent clothes from slipping off.,/clothes-hangers,,VISIBLE,PHYSICAL,1.0,Hang It Up,,Y,Y,Y,Y,19.99,14.99,N,Y,Y,N,,,10.00,,,,,20,20,Y,10
Shoe Rack,,SHRK001,Shoe rack for organizing and storing your shoes, keeping your entryway or closet tidy.,Home Organization,Shoe Rack for Tidy Entryways,Keep your shoes organized and your entryway clutter-free with this shoe rack, featuring a multi-tier design to accommodate various types of shoes.,/shoe-rack,,VISIBLE,PHYSICAL,3.0,Rack Up Your Shoes,,Y,Y,Y,Y,49.99,39.99,N,Y,Y,N,,,25.00,,,,,12,12,Y,6
Jewelry Organizer,,JO001,Jewelry organizer with various compartments and hooks for storing and displaying your jewelry collection.,Home Organization,Jewelry Organizer for Tidy Accessories,Keep your jewelry organized and tangle-free with this jewelry organizer, featuring various compartments and hooks to accommodate different types of jewelry.,/jewelry-organizer,,VISIBLE,PHYSICAL,1.5,Organize Your Jewels,,Y,Y,Y,Y,39.99,29.99,N,Y,Y,N,,,20.00,,,,,15,15,Y,7
Desk Organizer,,DO001,Desk organizer with compartments and drawers for keeping your workspace tidy and efficient.,Office Supplies,Desk Organizer for a Tidy Workspace,Maximize your productivity and keep your workspace organized with this desk organizer, featuring compartments and drawers to store your office supplies.,/desk-organizer,,VISIBLE,PHYSICAL,1.0,Organize Your Desk,,Y,Y,Y,Y,29.99,24.99,N,Y,Y,N,,,15.00,,,,,18,18,Y,8
Laptop Stand,,LS001,Laptop stand for raising your laptop to an ergonomic viewing height, promoting better posture and comfort.,Office Supplies,Laptop Stand for Ergonomic Comfort,Improve your posture and comfort while working on your laptop with this laptop stand, designed to raise your laptop to an ergonomic viewing height.,/laptop-stand,,VISIBLE,PHYSICAL,0.8,Stand Up for Your Comfort,,Y,Y,Y,Y,39.99,29.99,N,Y,Y,N,,,20.00,,,,,10,10,Y,5
Mouse Pad,,MP001,Ergonomic mouse pad with wrist support for comfortable and efficient mouse use.,Office Supplies,Mouse Pad for Wrist Support,Enhance your comfort and productivity with this ergonomic mouse pad, featuring wrist support to reduce strain and fatigue during extended mouse use.,/mouse-pad,,VISIBLE,PHYSICAL,0.3,Pad Your Wrist,,Y,Y,Y,Y,14.99,9.99,N,Y,Y,N,,,8.00,,,,,20,20,Y,10
Keyboard,,KB001,Ergonomic keyboard with a comfortable design for reducing strain and improving typing efficiency.,Office Supplies,Keyboard for Comfortable Typing,Enjoy comfortable and efficient typing with this ergonomic keyboard, designed to reduce strain and improve your typing experience.,/keyboard,,VISIBLE,PHYSICAL,1.2,Type with Ease,,Y,Y,Y,Y,79.99,69.99,N,Y,Y,N,,,35.00,,,,,12,12,Y,6
Webcam,,WC001,High-definition webcam for clear video calls and online meetings.,Electronics,Webcam for Crystal-Clear Video,Enhance your video calls and online meetings with this high-definition webcam, offering clear video and audio for seamless communication.,/webcam,,VISIBLE,PHYSICAL,0.2,See and Be Seen,,Y,Y,Y,Y,49.99,39.99,N,Y,Y,N,,,25.00,,,,,15,15,Y,7
Portable Monitor,,PM001,Portable monitor for extending your screen space and improving productivity on the go.,Electronics,Portable Monitor for Productivity on the Go,Boost your productivity on the go with this portable monitor, offering additional screen space for multitasking and enhanced efficiency.,/portable-monitor,,VISIBLE,PHYSICAL,1.5,Expand Your View,,Y,Y,Y,Y,199.99,179.99,N,Y,Y,N,,,80.00,,,,,8,8,Y,3
Desk Lamp,,DL001,Adjustable desk lamp with various lighting modes for optimal illumination of your workspace.,Office Supplies,Desk Lamp for Optimal Lighting,Illuminate your workspace with this adjustable desk lamp, featuring various lighting modes to suit your needs and preferences.,/desk-lamp,,VISIBLE,PHYSICAL,1.0,Light Up Your Work,,Y,Y,Y,Y,39.99,29.99,N,Y,Y,N,,,20.00,,,,,10,10,Y,5
Office Chair,,OC001,Ergonomic office chair with adjustable features for comfortable and supportive seating during long work hours.,Office Furniture,Office Chair for Ergonomic Comfort,Enhance your comfort and productivity with this ergonomic office chair, featuring adjustable features to provide optimal support and promote good posture during long work hours.,/office-chair,,VISIBLE,PHYSICAL,25.0,Chair-ish Your Comfort,,Y,Y,Y,Y,199.99,179.99,N,Y,Y,N,,,80.00,,,,,8,8,Y,3
Bookshelf,,BKS001,Stylish bookshelf with multiple shelves for organizing and displaying your books and decorative items.,Home Furniture,Bookshelf for Stylish Storage,Organize your books and display your favorite decorative items with this stylish bookshelf, featuring multiple shelves and a contemporary design.,/bookshelf,,VISIBLE,PHYSICAL,30.0,Shelf-ishly Stylish,,Y,Y,Y,Y,149.99,129.99,N,Y,Y,N,,,60.00,,,,,10,10,Y,5
Coffee Table,,CT001,Modern coffee table with a sleek design for adding a touch of sophistication to your living room.,Home Furniture,Coffee Table for a Modern Touch,Enhance your living room decor with this modern coffee table, featuring a sleek design and ample surface space for your drinks, snacks, and books.,/coffee-table,,VISIBLE,PHYSICAL,20.0,Table Your Style,,Y,Y,Y,Y,129.99,109.99,N,Y,Y,N,,,50.00,,,,,12,12,Y,6
Area Rug,,AR001,Area rug with a stylish pattern and soft texture for adding warmth and comfort to your floors.,Home Decor,Area Rug for Warmth and Style,Enhance your home decor and add a touch of warmth and comfort to your floors with this stylish area rug, featuring a unique pattern and soft texture.,/area-rug,,VISIBLE,PHYSICAL,5.0,Ruggedly Stylish,,Y,Y,Y,Y,99.99,89.99,N,Y,Y,N,,,40.00,,,,,15,15,Y,7
Floor Lamp,,FL001,Floor lamp with adjustable height and lighting modes for providing ambient lighting in your living room or bedroom.,Home Decor,Floor Lamp for Ambient Lighting,Illuminate your space with this stylish floor lamp, featuring adjustable height and lighting modes to create the perfect ambiance in your living room or bedroom.,/floor-lamp,,VISIBLE,PHYSICAL,8.0,Shine a Light on Style,,Y,Y,Y,Y,79.99,69.99,N,Y,Y,N,,,35.00,,,,,10,10,Y,5
Table Lamp,,TL001,Table lamp with a decorative base and soft lighting for adding a touch of elegance to your bedside table or desk.,Home Decor,Table Lamp for Elegant Lighting,Enhance your home decor with this elegant table lamp, featuring a decorative base and soft lighting to create a warm and inviting atmosphere.,/table-lamp,,VISIBLE,PHYSICAL,3.0,Illuminate Your Style,,Y,Y,Y,Y,49.99,39.99,N,Y,Y,N,,,25.00,,,,,12,12,Y,6
Wall Clock,,WC001,Wall clock with a modern design for adding a stylish touch and keeping track of time.,Home Decor,Wall Clock for Modern Style,Stay on time and enhance your home decor with this modern wall clock, featuring a stylish design and accurate timekeeping.,/wall-clock,,VISIBLE,PHYSICAL,1.5,Timeless Style,,Y,Y,Y,Y,39.99,29.99,N,Y,Y,N,,,20.00,,,,,15,15,Y,7
Candlestick Holders,,CH001,Set of candlestick holders with elegant designs for adding a touch of sophistication to your dining table or mantelpiece.,Home Decor,Candlestick Holders for Elegant Decor,Create a warm and inviting atmosphere with this set of candlestick holders, featuring elegant designs to complement your home decor.,/candlestick-holders,,VISIBLE,PHYSICAL,2.0,Hold the Light,,Y,Y,Y,Y,49.99,39.99,N,Y,Y,N,,,25.00,,,,,10,10,Y,5
Decorative Tray,,DT001,Decorative tray with a stylish design for serving drinks or displaying decorative items on your coffee table or ottoman.,Home Decor,Decorative Tray for Stylish Serving,Serve your guests in style with this decorative tray, featuring a stylish design and ample space for drinks, snacks, or decorative items.,/decorative-tray,,VISIBLE,PHYSICAL,1.5,Tray Chic,,Y,Y,Y,Y,39.99,29.99,N,Y,Y,N,,,20.00,,,,,12,12,Y,6
Magazine Rack,,MR001,Magazine rack for organizing and storing your magazines and newspapers, keeping your living room or office tidy.,Home Organization,Magazine Rack for Organized Living,Keep your magazines and newspapers organized and within reach with this magazine rack, featuring a stylish design to complement your home decor.,/magazine-rack,,VISIBLE,PHYSICAL,2.5,Rack Up Your Reads,,Y,Y,Y,Y,49.99,39.99,N,Y,Y,N,,,25.00,,,,,10,10,Y,5
Laundry Hamper,,LH001,Laundry hamper with a stylish design and ample space for storing your laundry.,Home Organization,Laundry Hamper for Stylish Storage,Keep your laundry organized and out of sight with this stylish laundry hamper, featuring ample space and a convenient design.,/laundry-hamper,,VISIBLE,PHYSICAL,3.0,Hamper Your Laundry Woes,,Y,Y,Y,Y,59.99,49.99,N,Y,Y,N,,,30.00,,,,,12,12,Y,6
Ironing Board,,IB001,Ironing board with adjustable height and a sturdy design for efficient and comfortable ironing.,Home Appliances,Ironing Board for Efficient Ironing,Iron your clothes with ease using this ironing board, featuring adjustable height and a sturdy design for comfortable and efficient ironing.,/ironing-board,,VISIBLE,PHYSICAL,10.0,Iron Out the Wrinkles,,Y,Y,Y,Y,49.99,39.99,N,Y,Y,N,,,25.00,,,,,15,15,Y,7
Clothes Steamer,,CS001,Clothes steamer for quickly and easily removing wrinkles from your clothes without the need for an ironing board.,Home Appliances,Clothes Steamer for Wrinkle-Free Clothes,Refresh your clothes and remove wrinkles effortlessly with this clothes steamer, a convenient alternative to traditional ironing.,/clothes-steamer,,VISIBLE,PHYSICAL,5.0,Steam Away the Wrinkles,,Y,Y,Y,Y,79.99,69.99,N,Y,Y,N,,,35.00,,,,,10,10,Y,5
Sewing Kit,,SK001,Sewing kit with essential tools and supplies for basic mending and repairs.,DIY & Crafts,Sewing Kit for Mending and Repairs,Mend your clothes and tackle basic sewing projects with this sewing kit, containing all the essential tools and supplies for quick repairs.,/sewing-kit,,VISIBLE,PHYSICAL,0.5,Sew It Yourself,,Y,Y,Y,Y,19.99,14.99,N,Y,Y,N,,,10.00,,,,,20,20,Y,10
Gardening Gloves,,GG001,Durable gardening gloves with a comfortable fit and protective features for tending to your garden.,Gardening & Outdoors,Gardening Gloves for Protecting Your Hands,Protect your hands while gardening with these durable gardening gloves, featuring a comfortable fit and protective features for all your gardening tasks.,/gardening-gloves,,VISIBLE,PHYSICAL,0.3,Get Your Hands Dirty,,Y,Y,Y,Y,14.99,9.99,N,Y,Y,N,,,8.00,,,,,20,20,Y,10
Gardening Tools Set,,GTS001,Gardening tools set with essential tools for planting, weeding, and cultivating your garden.,Gardening & Outdoors,Gardening Tools Set for All Your Needs,Equip yourself with this essential gardening tools set, featuring all the necessary tools for planting, weeding, and cultivating your garden with ease.,/gardening-tools-set,,VISIBLE,PHYSICAL,2.0,Tool Up for Gardening Success,,Y,Y,Y,Y,39.99,29.99,N,Y,Y,N,,,20.00,,,,,12,12,Y,6
Watering Can,,WC001,Watering can with a stylish design and comfortable handle for watering your plants and flowers.,Gardening & Outdoors,Watering Can for Keeping Your Plants Hydrated,Keep your plants hydrated in style with this watering can, featuring a stylish design and comfortable handle for easy watering.,/watering-can,,VISIBLE,PHYSICAL,1.0,Water Your Way to a Blooming Garden,,Y,Y,Y,Y,24.99,19.99,N,Y,Y,N,,,12.00,,,,,15,15,Y,7
Plant Pots,,PP001,Set of plant pots with various sizes and styles for housing your indoor or outdoor plants.,Gardening & Outdoors,Plant Pots for Housing Your Greenery,Display your plants in style with this set of plant pots, featuring various sizes and styles to complement your home decor and garden aesthetics.,/plant-pots,,VISIBLE,PHYSICAL,2.5,Pot Your Plants in Style,,Y,Y,Y,Y,39.99,29.99,N,Y,Y,N,,,20.00,,,,,10,10,Y,5
Plant Stands,,PS001,Set of plant stands with various heights and designs for displaying your plants at different levels.,Gardening & Outdoors,Plant Stands for Elevated Greenery,Elevate your plant game with this set of plant stands, featuring various heights and designs to showcase your plants at different levels and create visual interest.,/plant-stands,,VISIBLE,PHYSICAL,3.0,Stand Out with Stylish Plant Stands,,Y,Y,Y,Y,49.99,39.99,N,Y,Y,N,,,25.00,,,,,12,12,Y,6
Outdoor Cushions,,OC001,Set of outdoor cushions with weather-resistant fabric and stylish patterns for adding comfort and style to your patio furniture.,Patio & Outdoor,Outdoor Cushions for Comfort and Style,Enhance your outdoor living space with this set of outdoor cushions, featuring weather-resistant fabric and stylish patterns to add comfort and personality to your patio furniture.,/outdoor-cushions,,VISIBLE,PHYSICAL,3.5,Cushion Your Outdoor Oasis,,Y,Y,Y,Y,59.99,49.99,N,Y,Y,N,,,30.00,,,,,10,10,Y,5
Outdoor Blanket,,OB001,Waterproof and durable outdoor blanket for picnics, camping, or relaxing in the park.,Patio & Outdoor,Outdoor Blanket for Picnics and Adventures,Enjoy your outdoor adventures with this waterproof and durable outdoor blanket, perfect for picnics, camping, or relaxing in the park.,/outdoor-blanket,,VISIBLE,PHYSICAL,2.0,Blanket Your Outdoor Adventures,,Y,Y,Y,Y,49.99,39.99,N,Y,Y,N,,,25.00,,,,,12,12,Y,6
Picnic Basket,,PB001,Picnic basket with a classic design and ample space for carrying your food and drinks for a picnic.,Patio & Outdoor,Picnic Basket for Outdoor Feasts,Pack your picnic essentials in style with this classic picnic basket, featuring ample space and a convenient design for carrying your food and drinks.,/picnic-basket,,VISIBLE,PHYSICAL,3.0,Basket Your Picnic Essentials,,Y,Y,Y,Y,69.99,59.99,N,Y,Y,N,,,35.00,,,,,8,8,Y,3
Camping Chair,,CC001,Portable and comfortable camping chair for relaxing around the campfire or at the beach.,Patio & Outdoor,Camping Chair for Comfortable Outdoor Seating,Relax in comfort wherever your adventures take you with this portable camping chair, perfect for relaxing around the campfire or at the beach.,/camping-chair,,VISIBLE,PHYSICAL,5.0,Chair-ish Your Outdoor Moments,,Y,Y,Y,Y,49.99,39.99,N,Y,Y,N,,,25.00,,,,,10,10,Y,5
Hammock,,HM001,Comfortable hammock for relaxing in your backyard or on your patio.,Patio & Outdoor,Hammock for Ultimate Relaxation,Escape to your own personal oasis with this comfortable hammock, perfect for relaxing in your backyard or on your patio.,/hammock,,VISIBLE,PHYSICAL,8.0,Hang Out in Style,,Y,Y,Y,Y,79.99,69.99,N,Y,Y,N,,,40.00,,,,,8,8,Y,3
Beach Towel,,BT001,Oversized beach towel with a stylish design for drying off and relaxing on the beach or by the pool.,Beach & Pool,Beach Towel for Sun-Soaked Relaxation,Soak up the sun in style with this oversized beach towel, featuring a stylish design and ample space for drying off and relaxing on the beach or by the pool.,/beach-towel,,VISIBLE,PHYSICAL,1.0,Towel Off in Style,,Y,Y,Y,Y,29.99,24.99,N,Y,Y,N,,,15.00,,,,,15,15,Y,7
Sunscreen,,SUN001,Sunscreen with broad spectrum protection for shielding your skin from harmful UV rays.,Beach & Pool,Sunscreen for Sun Protection,Protect your skin from the sun's harmful rays with this sunscreen, offering broad spectrum protection and a lightweight formula for comfortable wear.,/sunscreen,,VISIBLE,PHYSICAL,0.5,Shield Your Skin from the Sun,,Y,Y,Y,Y,14.99,9.99,N,Y,Y,N,,,8.00,,,,,20,20,Y,10
Sunglasses,,SG001,Sunglasses with UV protection and a stylish design for shielding your eyes from the sun and completing your look.,Beach & Pool,Sunglasses for Style and Protection,Protect your eyes and elevate your style with these sunglasses, featuring UV protection and a stylish design for a chic and practical accessory.,/sunglasses,,VISIBLE,PHYSICAL,0.2,Shade Your Eyes in Style,,Y,Y,Y,Y,39.99,29.99,N,Y,Y,N,,,20.00,,,,,12,12,Y,6
Beach Bag,,BB001,Beach bag with ample space for carrying your beach essentials, including towels, sunscreen, and books.,Beach & Pool,Beach Bag for Carrying Your Essentials,Carry your beach essentials in style with this spacious beach bag, featuring a convenient design and ample space for all your needs.,/beach-bag,,VISIBLE,PHYSICAL,1.5,Bag Your Beach Essentials,,Y,Y,Y,Y,29.99,24.99,N,Y,Y,N,,,15.00,,,,,10,10,Y,5
Swimwear,,SW001,Swimwear in various styles and sizes for enjoying your time at the beach or pool.,Beach & Pool,Swimwear for Fun in the Sun,Make a splash with this stylish swimwear, available in various styles and sizes to flatter your figure and enhance your confidence at the beach or pool.,/swimwear,,VISIBLE,PHYSICAL,0.3,Suit Up for Summer Fun,,Y,Y,Y,Y,49.99,39.99,N,Y,Y,N,Size,S/M,25.00,,,,,12,12,Y,6
Pool Floats,,PF001,Inflatable pool floats in various fun shapes and designs for relaxing and playing in the pool.,Beach & Pool,Pool Floats for Fun in the Sun,Lounge in style and enjoy your time in the pool with these inflatable pool floats, featuring various fun shapes and designs for ultimate relaxation and play.,/pool-floats,,VISIBLE,PHYSICAL,1.0,Float Your Troubles Away,,Y,Y,Y,Y,24.99,19.99,N,Y,Y,N,,,12.00,,,,,15,15,Y,7
Pool Toys,,PT001,Set of pool toys for kids and adults, including diving rings, water balls, and inflatable toys for fun and games in the pool.,Beach & Pool,Pool Toys for Water Fun,Make a splash with this set of pool toys, featuring various fun and engaging toys for kids and adults to enjoy hours of entertainment in the pool.,/pool-toys,,VISIBLE,PHYSICAL,1.5,Dive into Fun with Pool Toys,,Y,Y,Y,Y,29.99,24.99,N,Y,Y,N,,,15.00,,,,,18,18,Y,8
Beach Games,,BG001,Set of beach games for fun and entertainment on the beach, including volleyball, frisbee, and paddleball.,Beach & Pool,Beach Games for Fun in the Sand,Enjoy hours of fun and entertainment on the beach with this set of beach games, featuring classic games like volleyball, frisbee, and paddleball for all ages.,/beach-games,,VISIBLE,PHYSICAL,2.0,Game On at the Beach,,Y,Y,Y,Y,39.99,29.99,N,Y,Y,N,,,20.00,,,,,12,12,Y,6
Camping Tent,,CT001,Durable and spacious camping tent for comfortable shelter during your camping adventures.,Camping & Hiking,Camping Tent for Shelter in the Wild,Enjoy a comfortable and protected camping experience with this durable and spacious camping tent, designed to withstand the elements and provide ample space for you and your gear.,/camping-tent,,VISIBLE,PHYSICAL,8.0,Tent Up for Adventure,,Y,Y,Y,Y,149.99,129.99,N,Y,Y,N,,,60.00,,,,,8,8,Y,3
Sleeping Bag,,SB001,Warm and comfortable sleeping bag for a restful night's sleep during your camping trips.,Camping & Hiking,Sleeping Bag for Cozy Camping Nights,Sleep soundly under the stars with this warm and comfortable sleeping bag, designed to provide optimal insulation and comfort during your camping adventures.,/sleeping-bag,,VISIBLE,PHYSICAL,5.0,Bag a Good Night's Sleep,,Y,Y,Y,Y,99.99,89.99,N,Y,Y,N,,,40.00,,,,,10,10,Y,5
Camping Lantern,,CL001,Portable and bright camping lantern for illuminating your campsite or tent during nighttime.,Camping & Hiking,Camping Lantern for Illuminating Your Adventures,Light up your campsite or tent with this portable and bright camping lantern, providing reliable illumination during your nighttime adventures.,/camping-lantern,,VISIBLE,PHYSICAL,1.0,Lantern Up Your Campsite,,Y,Y,Y,Y,29.99,24.99,N,Y,Y,N,,,15.00,,,,,12,12,Y,6
Hiking Backpack,,HB001,Durable and comfortable hiking backpack with ample space for carrying your gear and essentials on your hiking trips.,Camping & Hiking,Hiking Backpack for Carrying Your Gear,Carry your hiking essentials with ease and comfort using this durable hiking backpack, featuring ample space and adjustable straps for a personalized fit.,/hiking-backpack,,VISIBLE,PHYSICAL,3.0,Pack Up for Your Next Hike,,Y,Y,Y,Y,79.99,69.99,N,Y,Y,N,,,35.00,,,,,8,8,Y,3
Hiking Boots,,HB001,Durable and supportive hiking boots for comfortable and safe trekking on various terrains.,Camping & Hiking,Hiking Boots for Comfortable Trekking,Conquer any trail with these durable and supportive hiking boots, designed to provide comfort and stability on various terrains.,/hiking-boots,,VISIBLE,PHYSICAL,2.0,Boot Up for Adventure,,Y,Y,Y,Y,99.99,89.99,N,Y,Y,N,Size,42,45.00,,,,,10,10,Y,5
First Aid Kit,,FAK001,Comprehensive first aid kit with essential supplies for treating minor injuries and emergencies during your outdoor adventures.,Camping & Hiking,First Aid Kit for Outdoor Safety,Be prepared for any situation with this comprehensive first aid kit, containing essential supplies for treating minor injuries and emergencies during your outdoor adventures.,/first-aid-kit,,VISIBLE,PHYSICAL,1.0,Safety First,,Y,Y,Y,Y,24.99,19.99,N,Y,Y,N,,,12.00,,,,,15,15,Y,7
Binoculars,,BIN001,Binoculars with high magnification for observing wildlife and scenic views during your outdoor explorations.,Camping & Hiking,Binoculars for Exploring the Outdoors,Enhance your outdoor experience with these binoculars, featuring high magnification for observing wildlife and scenic views from afar.,/binoculars,,VISIBLE,PHYSICAL,1.5,See the World Up Close,,Y,Y,Y,Y,79.99,69.99,N,Y,Y,N,,,35.00,,,,,10,10,Y,5
Compass,,COM001,Reliable compass for navigation and orientation during your outdoor adventures.,Camping & Hiking,Compass for Outdoor Navigation,Stay on track with this reliable compass, providing accurate navigation and orientation during your hiking, camping, or exploring adventures.,/compass,,VISIBLE,PHYSICAL,0.2,Navigate Your Way,,Y,Y,Y,Y,14.99,9.99,N,Y,Y,N,,,8.00,,,,,20,20,Y,10
Headlamp,,HL001,Headlamp with bright LED light for hands-free illumination during nighttime activities or emergencies.,Camping & Hiking,Headlamp for Hands-Free Lighting,Illuminate your path with this headlamp, featuring a bright LED light for hands-free illumination during nighttime activities or emergencies.,/headlamp,,VISIBLE,PHYSICAL,0.3,Light Your Way,,Y,Y,Y,Y,24.99,19.99,N,Y,Y,N,,,12.00,,,,,15,15,Y,7
Dog Leash,,DL001,Durable and comfortable dog leash for walking your furry friend.,Pet Supplies,Dog Leash for Walking Your Furry Friend,Keep your dog safe and comfortable on walks with this durable dog leash, featuring a comfortable grip and secure clasp for enjoyable walks together.,/dog-leash,,VISIBLE,PHYSICAL,0.5,Leash Up Your Best Friend,,Y,Y,Y,Y,19.99,14.99,N,Y,Y,N,,,10.00,,,,,20,20,Y,10
Dog Collar,,DC001,Adjustable dog collar with a stylish design and comfortable fit for your furry companion.,Pet Supplies,Dog Collar for Your Furry Companion,Accessorize your dog with this stylish and comfortable dog collar, featuring an adjustable design for a perfect fit and a secure buckle for safety.,/dog-collar,,VISIBLE,PHYSICAL,0.3,Collar Your Canine Companion,,Y,Y,Y,Y,14.99,9.99,N,Y,Y,N,,,8.00,,,,,25,25,Y,15
Dog Harness,,DH001,Comfortable and secure dog harness for walking or training your dog.,Pet Supplies,Dog Harness for Comfortable Control,Walk or train your dog with ease and comfort using this secure dog harness, featuring a comfortable fit and adjustable straps for optimal control.,/dog-harness,,VISIBLE,PHYSICAL,0.4,Harness Your Dog's Energy,,Y,Y,Y,Y,24.99,19.99,N,Y,Y,N,,,12.00,,,,,18,18,Y,8
Dog Toys,,DT001,Set of dog toys for chewing, fetching, and playing, keeping your dog entertained and engaged.,Pet Supplies,Dog Toys for Playful Fun,Keep your dog happy and entertained with this set of dog toys, featuring various toys for chewing, fetching, and playing to stimulate their mind and body.,/dog-toys,,VISIBLE,PHYSICAL,1.0,Toy with Your Furry Friend,,Y,Y,Y,Y,29.99,24.99,N,Y,Y,N,,,15.00,,,,,15,15,Y,7
Dog Bed,,DB001,Comfortable and cozy dog bed for your furry friend to rest and relax.,Pet Supplies,Dog Bed for Rest and Relaxation,Provide your dog with a comfortable and cozy place to rest with this dog bed, featuring soft materials and a supportive design for ultimate relaxation.,/dog-bed,,VISIBLE,PHYSICAL,3.0,Bed Down Your Furry Friend,,Y,Y,Y,Y,49.99,39.99,N,Y,Y,N,,,25.00,,,,,10,10,Y,5
Cat Toys,,CT001,Set of cat toys for chasing, batting, and scratching, keeping your cat entertained and stimulated.,Pet Supplies,Cat Toys for Playful Felines,Engage your cat's natural instincts with this set of cat toys, featuring various toys for chasing, batting, and scratching to keep them entertained and stimulated.,/cat-toys,,VISIBLE,PHYSICAL,0.5,Toy with Your Feline Friend,,Y,Y,Y,Y,19.99,14.99,N,Y,Y,N,,,10.00,,,,,20,20,Y,10
Cat Scratching Post,,CSP001,Cat scratching post with durable material and a sturdy design for satisfying your cat's scratching instincts.,Pet Supplies,Cat Scratching Post for Healthy Claws,Protect your furniture and satisfy your cat's natural scratching instincts with this cat scratching post, featuring durable material and a sturdy design for long-lasting use.,/cat-scratching-post,,VISIBLE,PHYSICAL,5.0,Post Up for Happy Cats,,Y,Y,Y,Y,39.99,29.99,N,Y,Y,N,,,20.00,,,,,12,12,Y,6
Cat Bed,,CB001,Cozy and comfortable cat bed for your feline friend to curl up and relax.,Pet Supplies,Cat Bed for Cozy Naps,Provide your cat with a cozy and comfortable place to rest with this cat bed, featuring soft materials and a design that caters to their natural instincts.,/cat-bed,,VISIBLE,PHYSICAL,2.0,Bed Down Your Feline Friend,,Y,Y,Y,Y,34.99,29.99,N,Y,Y,N,,,18.00,,,,,15,15,Y,7
Bird Feeder,,BF001,Bird feeder with a stylish design and durable construction for attracting birds to your backyard or garden.,Birdwatching & Wildlife,Bird Feeder for Attracting Feathered Friends,Attract a variety of birds to your backyard or garden with this stylish bird feeder, featuring durable construction and a design that's easy to fill and clean.,/bird-feeder,,VISIBLE,PHYSICAL,2.0,Feed the Birds in Style,,Y,Y,Y,Y,39.99,29.99,N,Y,Y,N,,,20.00,,,,,12,12,Y,6
Bird Bath,,BB001,Bird bath with a decorative design for providing a water source for birds to bathe and drink.,Birdwatching & Wildlife,Bird Bath for Refreshing Feathered Friends,Create a welcoming oasis for birds in your backyard with this decorative bird bath, providing a water source for them to bathe and drink.,/bird-bath,,VISIBLE,PHYSICAL,5.0,Bath Time for the Birds,,Y,Y,Y,Y,49.99,39.99,N,Y,Y,N,,,25.00,,,,,10,10,Y,5
Bird House,,BH001,Bird house with a cozy design and durable construction for providing shelter and nesting space for birds.,Birdwatching & Wildlife,Bird House for Welcoming Nesting Birds,Provide a safe and cozy home for birds with this bird house, featuring a durable construction and a design that's perfect for nesting and shelter.,/bird-house,,VISIBLE,PHYSICAL,3.0,House Your Feathered Friends,,Y,Y,Y,Y,34.99,29.99,N,Y,Y,N,,,18.00,,,,,12,12,Y,6
Binoculars for Birdwatching,,BINBW001,Binoculars with high magnification and comfortable grip for observing birds in their natural habitat.,Birdwatching & Wildlife,Binoculars for Birdwatching and Wildlife Observation,Enhance your birdwatching experience with these binoculars, featuring high magnification and a comfortable grip for extended observation of birds in their natural habitat.,/binoculars-birdwatching,,VISIBLE,PHYSICAL,1.5,Observe Birds Up Close,,Y,Y,Y,Y,79.99,69.99,N,Y,Y,N,,,35.00,,,,,8,8,Y,3
Birdwatching Guide Book,,BWGB001,Birdwatching guide book with detailed information and illustrations of various bird species for identifying birds in your area.,Birdwatching & Wildlife,Birdwatching Guide Book for Identifying Birds,Learn about the birds in your area with this comprehensive birdwatching guide book, featuring detailed information and illustrations of various species for easy identification.,/birdwatching-guide-book,,VISIBLE,PHYSICAL,0.5,Guide Your Birdwatching Adventures,,Y,Y,Y,Y,19.99,14.99,N,Y,Y,N,,,10.00,,,,,15,15,Y,7
